name,url,cr,type,size,ac,hp,speed,align,legendary,source,str,dex,con,int,wis,cha
aarakocra,https://www.aidedd.org/dnd/monstres.php?vo=aarakocra,0.250,humanoid (aarakocra),Medium,12,13,fly,neutral good,,Monster Manual (BR),10,14,10,11,12,11
abjurer,,9.000,humanoid (any race),Medium,12,84,,any alignment,,Volo's Guide to Monsters,9,14,14,18,12,11
aboleth,https://www.aidedd.org/dnd/monstres.php?vo=aboleth,10.000,aberration,Large,17,135,swim,lawful evil,Legendary,Monster Manual (SRD),21,9,15,18,15,18
abominable-yeti,,9.000,monstrosity,Huge,15,137,,chaotic evil,,Monster Manual,24,10,22,9,13,9
acererak,,23.000,undead,Medium,21,285,,neutral evil,,Adventures (Tomb of Annihilation),13,16,20,27,21,20
acolyte,https://www.aidedd.org/dnd/monstres.php?vo=acolyte,0.250,humanoid (any race),Medium,10,9,,any alignment,,Monster Manual (SRD),10,10,10,10,14,11
adult-black-dragon,https://www.aidedd.org/dnd/monstres.php?vo=adult-black-dragon,14.000,dragon,Huge,19,195,"fly, swim",chaotic evil,Legendary,Monster Manual (SRD),23,14,21,14,13,17
adult-blue-dracolich,,17.000,undead,Huge,19,225,fly,lawful evil,Legendary,Monster Manual,25,10,23,16,15,19
adult-blue-dragon,https://www.aidedd.org/dnd/monstres.php?vo=adult-blue-dragon,16.000,dragon,Huge,19,225,fly,lawful evil,Legendary,Monster Manual (SRD),25,10,23,16,15,19
adult-brass-dragon,https://www.aidedd.org/dnd/monstres.php?vo=adult-brass-dragon,13.000,dragon,Huge,18,172,fly,chaotic good,Legendary,Monster Manual (SRD),23,10,21,14,13,17
adult-bronze-dragon,https://www.aidedd.org/dnd/monstres.php?vo=adult-bronze-dragon,15.000,dragon,Huge,19,212,"fly, swim",lawful good,Legendary,Monster Manual (SRD),25,10,23,16,15,19
adult-copper-dragon,https://www.aidedd.org/dnd/monstres.php?vo=adult-copper-dragon,14.000,dragon,Huge,18,184,fly,chaotic good,Legendary,Monster Manual (SRD),23,12,21,18,15,17
adult-gold-dragon,https://www.aidedd.org/dnd/monstres.php?vo=adult-gold-dragon,17.000,dragon,Huge,19,256,"fly, swim",lawful good,Legendary,Monster Manual (SRD),27,14,25,16,15,24
adult-green-dragon,https://www.aidedd.org/dnd/monstres.php?vo=adult-green-dragon,15.000,dragon,Huge,19,207,"fly, swim",lawful evil,Legendary,Monster Manual (SRD),23,12,21,18,15,17
adult-kruthik,,2.000,monstrosity,Medium,18,39,,unaligned,,Mordenkainen's Tome of Foes,15,16,15,7,12,8
adult-oblex,,5.000,ooze,Medium,14,75,,lawful evil,,Mordenkainen's Tome of Foes,8,19,16,19,12,15
adult-red-dragon,https://www.aidedd.org/dnd/monstres.php?vo=adult-red-dragon,17.000,dragon,Huge,19,256,fly,chaotic evil,Legendary,Monster Manual (SRD),27,10,25,16,13,21
adult-silver-dragon,https://www.aidedd.org/dnd/monstres.php?vo=adult-silver-dragon,16.000,dragon,Huge,19,243,fly,lawful good,Legendary,Monster Manual (SRD),27,10,25,16,13,21
adult-white-dragon,https://www.aidedd.org/dnd/monstres.php?vo=adult-white-dragon,13.000,dragon,Huge,18,200,"fly, swim",chaotic evil,Legendary,Monster Manual (SRD),22,10,22,8,12,12
air-elemental,https://www.aidedd.org/dnd/monstres.php?vo=air-elemental,5.000,elemental,Large,15,90,fly,neutral,,Monster Manual (SRD),14,20,14,6,10,6
air-elemental-myrmidon,,7.000,elemental,Medium,18,117,fly,neutral,,Mordenkainen's Tome of Foes,18,14,14,9,10,10
albino-dwarf-warrior,,0.250,humanoid (dwarf),Medium,13,30,,any alignment,,Adventures (Tomb of Annihilation),13,13,17,12,14,11
aldani,,1.000,monstrosity,Medium,14,49,swim,lawful neutral,,Adventures (Tomb of Annihilation),13,8,12,10,14,10
alhoon,,10.000,undead,Medium,15,120,,any evil alignment,,Volo's Guide to Monsters,11,12,16,19,17,17
alkilith,,11.000,fiend (demon),Medium,17,157,,chaotic evil,,Mordenkainen's Tome of Foes,12,19,22,6,11,7
allip,,5.000,undead,Medium,13,40,fly,neutral evil,,Mordenkainen's Tome of Foes,6,17,10,17,15,16
allosaurus,https://www.aidedd.org/dnd/monstres.php?vo=allosaurus,2.000,beast,Large,13,51,,unaligned,,Monster Manual (SRD),19,13,17,2,12,5
ambush-drake,,0.500,dragon,Medium,13,22,,unaligned,,Adventures (Tyranny of Dragons),13,15,14,4,11,6
amnizu,,18.000,fiend (devil),Medium,21,202,fly,lawful evil,,Mordenkainen's Tome of Foes,11,13,16,20,12,18
ancient-black-dragon,https://www.aidedd.org/dnd/monstres.php?vo=ancient-black-dragon,21.000,dragon,Gargantuan,22,367,"fly, swim",chaotic evil,Legendary,Monster Manual (SRD),27,14,25,16,15,19
ancient-blue-dragon,https://www.aidedd.org/dnd/monstres.php?vo=ancient-blue-dragon,23.000,dragon,Gargantuan,22,481,fly,lawful evil,Legendary,Monster Manual (SRD),29,10,27,18,17,21
ancient-brass-dragon,https://www.aidedd.org/dnd/monstres.php?vo=ancient-brass-dragon,20.000,dragon,Gargantuan,20,297,fly,chaotic good,Legendary,Monster Manual (SRD),27,10,25,16,15,19
ancient-bronze-dragon,https://www.aidedd.org/dnd/monstres.php?vo=ancient-bronze-dragon,22.000,dragon,Gargantuan,22,444,"fly, swim",lawful good,Legendary,Monster Manual (SRD),29,10,27,18,17,21
ancient-copper-dragon,https://www.aidedd.org/dnd/monstres.php?vo=ancient-copper-dragon,21.000,dragon,Gargantuan,21,350,fly,chaotic good,Legendary,Monster Manual (SRD),27,12,25,20,17,19
ancient-gold-dragon,https://www.aidedd.org/dnd/monstres.php?vo=ancient-gold-dragon,24.000,dragon,Gargantuan,22,546,"fly, swim",lawful good,Legendary,Monster Manual (SRD),30,14,29,18,17,28
ancient-green-dragon,https://www.aidedd.org/dnd/monstres.php?vo=ancient-green-dragon,22.000,dragon,Gargantuan,21,385,"fly, swim",lawful evil,Legendary,Monster Manual (SRD),27,12,25,20,17,19
ancient-red-dragon,https://www.aidedd.org/dnd/monstres.php?vo=ancient-red-dragon,24.000,dragon,Gargantuan,22,546,fly,chaotic evil,Legendary,Monster Manual (SRD),30,10,29,18,15,23
ancient-shadow,https://www.aidedd.org/dnd/monstres.php?vo=ancient-shadow,1.000,undead,Medium,13,32,,chaotic evil,,Extra (AideDD),6,16,14,6,10,8
ancient-silver-dragon,https://www.aidedd.org/dnd/monstres.php?vo=ancient-silver-dragon,23.000,dragon,Gargantuan,22,487,fly,lawful good,Legendary,Monster Manual (SRD),30,10,29,18,15,23
ancient-white-dragon,https://www.aidedd.org/dnd/monstres.php?vo=ancient-white-dragon,20.000,dragon,Gargantuan,20,333,"fly, swim",chaotic evil,Legendary,Monster Manual (SRD),26,10,26,10,13,14
androsphinx,https://www.aidedd.org/dnd/monstres.php?vo=androsphinx,17.000,monstrosity,Large,17,199,fly,lawful neutral,Legendary,Monster Manual (SRD),22,10,20,16,18,23
animated-armor,https://www.aidedd.org/dnd/monstres.php?vo=animated-armor,1.000,construct,Medium,18,33,,unaligned,,Monster Manual (SRD),14,11,13,1,3,1
ankheg,https://www.aidedd.org/dnd/monstres.php?vo=ankheg,2.000,monstrosity,Large,14,39,,unaligned,,Monster Manual (SRD),17,11,13,1,13,6
ankylosaurus,https://www.aidedd.org/dnd/monstres.php?vo=ankylosaurus,3.000,beast,Huge,15,68,,unaligned,,Monster Manual (SRD),19,11,15,2,12,5
annis-hag,https://www.aidedd.org/dnd/monstres.php?vo=annis-hag,6.000,fey,Large,17,75,,chaotic evil,,Volo's Guide to Monsters,21,12,14,13,14,15
ape,https://www.aidedd.org/dnd/monstres.php?vo=ape,0.500,beast,Medium,12,19,,unaligned,,Monster Manual (SRD),16,14,14,6,12,7
apprentice-wizard,,0.250,humanoid (any race),Medium,10,9,,any alignment,,Volo's Guide to Monsters,10,10,10,14,10,11
arcanaloth,,12.000,fiend (yugoloth),Medium,17,104,fly,neutral evil,,Monster Manual,17,12,14,20,16,17
archdruid,,12.000,humanoid (any race),Medium,16,132,,any alignment,,Volo's Guide to Monsters,10,14,12,12,20,11
archer,,3.000,humanoid (any race),Medium,16,75,,any alignment,,Volo's Guide to Monsters,11,18,16,11,13,10
archmage,https://www.aidedd.org/dnd/monstres.php?vo=archmage,12.000,humanoid (any race),Medium,12,99,,any alignment,,Monster Manual (SRD),10,14,12,20,15,16
armanite,,7.000,fiend (demon),Large,16,84,,chaotic evil,,Mordenkainen's Tome of Foes,21,18,21,8,12,13
assassin,https://www.aidedd.org/dnd/monstres.php?vo=assassin,8.000,humanoid (any race),Medium,15,78,,any non-good alignment,,Monster Manual (SRD),11,16,14,13,11,10
assassin-vine,,3.000,plant,Large,13,85,,unaligned,,Adventures (Tomb of Annihilation),18,10,16,1,10,1
astral-dreadnought,https://www.aidedd.org/dnd/monstres.php?vo=astral-dreadnought,21.000,monstrosity (titan),Gargantuan,20,297,fly,unaligned,Legendary,Mordenkainen's Tome of Foes,28,7,25,5,14,18
atropal,,13.000,undead (titan),Huge,7,225,fly,neutral evil,,Adventures (Tomb of Annihilation),19,5,22,25,19,24
aurochs,https://www.aidedd.org/dnd/monstres.php?vo=aurochs,2.000,beast,Large,11,38,,unaligned,,Volo's Guide to Monsters,20,10,19,2,12,5
autumn-eladrin,,10.000,fey (elf),Medium,19,127,,chaotic neutral,,Mordenkainen's Tome of Foes,12,16,16,14,17,18
awakened-shrub,https://www.aidedd.org/dnd/monstres.php?vo=awakened-shrub,0.000,plant,Small,9,10,,unaligned,,Monster Manual (SRD),3,8,11,10,10,6
awakened-tree,https://www.aidedd.org/dnd/monstres.php?vo=awakened-tree,2.000,plant,Huge,13,59,,unaligned,,Monster Manual (SRD),19,6,15,10,10,7
axe-beak,https://www.aidedd.org/dnd/monstres.php?vo=axe-beak,0.250,beast,Large,11,19,,unaligned,,Monster Manual (SRD),14,12,12,2,10,5
azer,https://www.aidedd.org/dnd/monstres.php?vo=azer,2.000,elemental,Medium,17,39,,lawful neutral,,Monster Manual (SRD),17,12,15,12,13,10
babau,,4.000,fiend (demon),Medium,16,82,,chaotic evil,,Volo's Guide to Monsters,11,18,16,11,13,10
baboon,https://www.aidedd.org/dnd/monstres.php?vo=baboon,0.000,beast,Small,12,3,,unaligned,,Monster Manual (SRD),8,14,11,4,12,6
badger,https://www.aidedd.org/dnd/monstres.php?vo=badger,0.000,beast,Tiny,10,3,,unaligned,,Monster Manual (SRD),4,11,12,2,12,5
bael,,19.000,fiend (devil),Large,18,189,,lawful evil,,Mordenkainen's Tome of Foes,24,17,20,21,24,24
balhannoth,,11.000,aberration,Large,17,114,,chaotic evil,,Mordenkainen's Tome of Foes,17,8,18,6,15,8
balor,https://www.aidedd.org/dnd/monstres.php?vo=balor,19.000,fiend (demon),Huge,19,262,fly,chaotic evil,,Monster Manual (SRD),26,15,22,20,16,22
banderhobb,,5.000,monstrosity,Large,15,84,,neutral evil,,Volo's Guide to Monsters,20,12,20,11,14,8
bandit,https://www.aidedd.org/dnd/monstres.php?vo=bandit,0.125,humanoid (any race),Medium,12,11,,any non-lawful alignment,,Monster Manual (SRD),11,12,12,10,10,10
bandit-captain,https://www.aidedd.org/dnd/monstres.php?vo=bandit-captain,2.000,humanoid (any race),Medium,15,65,,any non-lawful alignment,,Monster Manual (SRD),15,16,14,14,11,14
banshee,https://www.aidedd.org/dnd/monstres.php?vo=banshee,4.000,undead,Medium,12,58,fly,chaotic evil,,Monster Manual (SRD),1,14,10,12,11,17
baphomet,,23.000,fiend (demon),Huge,22,275,,chaotic evil,,Mordenkainen's Tome of Foes,30,14,26,18,24,16
barbed-devil,https://www.aidedd.org/dnd/monstres.php?vo=barbed-devil,5.000,fiend (devil),Medium,15,110,,lawful evil,,Monster Manual (SRD),16,17,18,12,14,14
bard,,2.000,humanoid (any race),Medium,15,44,,any alignment,,Volo's Guide to Monsters,11,14,12,10,13,14
barghest,https://www.aidedd.org/dnd/monstres.php?vo=barghest,4.000,fiend (shapechanger),Large,17,90,,neutral evil,,Volo's Guide to Monsters,19,15,14,13,12,14
barlgura,https://www.aidedd.org/dnd/monstres.php?vo=barlgura,5.000,fiend (demon),Large,15,68,,chaotic evil,,Monster Manual (BR),18,15,16,7,14,9
basilisk,https://www.aidedd.org/dnd/monstres.php?vo=basilisk,3.000,monstrosity,Medium,15,52,,unaligned,,Monster Manual (SRD),16,8,15,2,8,7
bat,https://www.aidedd.org/dnd/monstres.php?vo=bat,0.000,beast,Tiny,12,1,fly,unaligned,,Monster Manual (SRD),2,15,8,2,12,4
bearded-devil,https://www.aidedd.org/dnd/monstres.php?vo=bearded-devil,3.000,fiend (devil),Medium,13,52,,lawful evil,,Monster Manual (SRD),16,15,15,9,11,11
behir,https://www.aidedd.org/dnd/monstres.php?vo=behir,11.000,monstrosity,Huge,17,168,,neutral evil,,Monster Manual (SRD),23,16,18,7,14,12
beholder,,13.000,aberration,Large,18,180,fly,lawful evil,Legendary,Monster Manual,10,14,18,17,15,17
beholder-zombie,,5.000,undead,Large,15,93,fly,neutral evil,,Monster Manual,10,8,16,3,8,5
belaphoss,https://www.aidedd.org/dnd/monstres.php?vo=belaphoss,20.000,fiend (demon),Huge,19,262,fly,chaotic evil,,Extra (Dragon Mag),26,15,22,20,16,22
berbalang,,2.000,aberration,Medium,14,38,fly,neutral evil,,Mordenkainen's Tome of Foes,9,16,9,17,11,10
berserker,https://www.aidedd.org/dnd/monstres.php?vo=berserker,2.000,humanoid (any race),Medium,13,67,,any chaotic alignment,,Monster Manual (SRD),16,12,17,9,11,9
bheur-hag,,7.000,fey,Medium,17,91,,chaotic evil,,Volo's Guide to Monsters,13,16,14,12,13,16
black-abishai,,7.000,fiend (devil),Medium,15,58,fly,lawful evil,,Mordenkainen's Tome of Foes,14,17,14,13,16,11
black-bear,https://www.aidedd.org/dnd/monstres.php?vo=black-bear,0.500,beast,Medium,11,19,,unaligned,,Monster Manual (SRD),15,10,14,2,12,7
black-dragon-wyrmling,https://www.aidedd.org/dnd/monstres.php?vo=black-dragon-wyrmling,2.000,dragon,Medium,17,33,"fly, swim",chaotic evil,,Monster Manual (SRD),15,14,13,10,11,13
black-gauntlet-of-bane,,6.000,humanoid (human),Medium,16,51,,lawful evil,,Adventures (Descent into Avernus),18,11,18,12,15,18
blackguard,,8.000,humanoid (any race),Medium,18,153,,any non-good alignment,,Volo's Guide to Monsters,18,11,18,11,14,15
black-pudding,https://www.aidedd.org/dnd/monstres.php?vo=black-pudding,4.000,ooze,Large,7,85,,unaligned,,Monster Manual (SRD),16,5,16,1,6,1
blink-dog,https://www.aidedd.org/dnd/monstres.php?vo=blink-dog,0.250,fey,Medium,13,22,,lawful good,,Monster Manual (SRD),12,17,12,10,13,11
blood-hawk,https://www.aidedd.org/dnd/monstres.php?vo=blood-hawk,0.125,beast,Small,12,7,fly,unaligned,,Monster Manual (SRD),6,14,10,3,14,5
blue-abishai,,17.000,fiend (devil),Medium,19,195,fly,lawful evil,,Mordenkainen's Tome of Foes,15,14,17,22,23,18
blue-dragon-wyrmling,https://www.aidedd.org/dnd/monstres.php?vo=blue-dragon-wyrmling,3.000,dragon,Medium,17,52,fly,lawful evil,,Monster Manual (SRD),17,10,15,12,11,15
blue-slaad,,7.000,aberration,Large,15,123,,chaotic neutral,,Monster Manual,20,15,18,7,7,9
boar,https://www.aidedd.org/dnd/monstres.php?vo=boar,0.250,beast,Medium,11,11,,unaligned,,Monster Manual (SRD),13,11,12,2,9,5
bodak,,6.000,undead,Medium,15,58,,chaotic evil,,Volo's Guide to Monsters,15,16,15,7,12,12
boggle,,0.125,fey,Small,14,18,,chaotic neutral,,Volo's Guide to Monsters,8,18,13,6,12,7
boneclaw,,12.000,undead,Large,16,127,,chaotic evil,,Mordenkainen's Tome of Foes,19,16,15,13,15,9
bone-devil,https://www.aidedd.org/dnd/monstres.php?vo=bone-devil,9.000,fiend (devil),Large,19,142,fly,lawful evil,,Monster Manual (SRD),18,16,18,13,14,16
bone-naga,,4.000,undead,Large,15,58,,lawful evil,,Monster Manual,15,16,12,15,15,16
brass-dragon-wyrmling,https://www.aidedd.org/dnd/monstres.php?vo=brass-dragon-wyrmling,1.000,dragon,Medium,16,16,fly,chaotic good,,Monster Manual (SRD),15,10,13,10,11,13
brontosaurus,,5.000,beast,Gargantuan,15,121,,unaligned,,Adventures (Tomb of Annihilation),21,9,17,2,10,7
bronze-dragon-wyrmling,https://www.aidedd.org/dnd/monstres.php?vo=bronze-dragon-wyrmling,2.000,dragon,Medium,17,32,"fly, swim",lawful good,,Monster Manual (SRD),17,10,15,12,11,15
brown-bear,https://www.aidedd.org/dnd/monstres.php?vo=brown-bear,1.000,beast,Large,11,34,,unaligned,,Monster Manual (SRD),19,10,16,2,13,7
bugbear,https://www.aidedd.org/dnd/monstres.php?vo=bugbear,1.000,humanoid (goblinoid),Medium,16,27,,chaotic evil,,Monster Manual (SRD),15,14,13,8,11,9
bugbear-chief,,3.000,humanoid (goblinoid),Medium,17,65,,chaotic evil,,Monster Manual,17,14,14,11,12,11
bulette,https://www.aidedd.org/dnd/monstres.php?vo=bulette,5.000,monstrosity,Large,17,94,,unaligned,,Monster Manual (SRD),19,11,21,2,10,5
bulezau,,3.000,fiend (demon),Medium,14,52,,chaotic evil,,Mordenkainen's Tome of Foes,15,14,17,8,9,6
bullywug,https://www.aidedd.org/dnd/monstres.php?vo=bullywug,0.250,humanoid (bullywug),Medium,15,11,swim,neutral evil,,Monster Manual (BR),12,12,13,7,10,7
cadaver-collector,,14.000,construct,Large,17,189,,lawful evil,,Mordenkainen's Tome of Foes,21,14,20,5,11,8
cambion,,5.000,fiend,Medium,19,82,fly,any evil alignment,,Monster Manual,18,18,16,14,12,16
camel,https://www.aidedd.org/dnd/monstres.php?vo=camel,0.125,beast,Large,9,15,,unaligned,,Monster Manual (SRD),16,8,14,2,8,5
canoloth,,8.000,fiend (yugoloth),Medium,16,120,,neutral evil,,Mordenkainen's Tome of Foes,18,10,17,5,17,12
carrion-crawler,,2.000,monstrosity,Large,13,51,,unaligned,,Monster Manual,14,13,16,1,12,5
cat,https://www.aidedd.org/dnd/monstres.php?vo=cat,0.000,beast,Tiny,12,2,,unaligned,,Monster Manual (SRD),3,15,10,3,12,7
catoblepas,,5.000,monstrosity,Large,14,84,,unaligned,,Volo's Guide to Monsters,19,12,21,3,14,8
cave-fisher,,3.000,monstrosity,Medium,16,58,,unaligned,,Volo's Guide to Monsters,16,13,14,3,10,3
centaur,https://www.aidedd.org/dnd/monstres.php?vo=centaur,2.000,monstrosity,Large,12,45,,neutral good,,Monster Manual (SRD),18,14,14,9,13,11
chain-devil,https://www.aidedd.org/dnd/monstres.php?vo=chain-devil,8.000,fiend (devil),Medium,16,85,,lawful evil,,Monster Manual (SRD),18,15,18,11,12,14
champion,,9.000,humanoid (any race),Medium,18,143,,any alignment,,Volo's Guide to Monsters,20,15,14,10,14,12
chasme,,6.000,fiend (demon),Large,15,84,fly,chaotic evil,,Monster Manual,15,15,12,11,14,10
chimera,https://www.aidedd.org/dnd/monstres.php?vo=chimera,6.000,monstrosity,Large,14,114,fly,chaotic evil,,Monster Manual (SRD),19,11,19,3,14,10
chitine,,0.500,monstrosity,Small,14,18,,chaotic evil,,Volo's Guide to Monsters,10,14,12,10,10,7
choker,,1.000,aberration,Small,16,13,,chaotic evil,,Mordenkainen's Tome of Foes,16,14,13,4,12,7
choldrith,,3.000,monstrosity,Medium,15,66,,chaotic evil,,Volo's Guide to Monsters,12,16,12,11,14,10
chuul,https://www.aidedd.org/dnd/monstres.php?vo=chuul,4.000,aberration,Large,16,93,swim,chaotic evil,,Monster Manual (SRD),19,10,16,5,11,5
clay-golem,https://www.aidedd.org/dnd/monstres.php?vo=clay-golem,9.000,construct,Large,14,133,,unaligned,,Monster Manual (SRD),20,9,18,3,8,1
cloaker,https://www.aidedd.org/dnd/monstres.php?vo=cloaker,8.000,aberration,Large,14,78,fly,chaotic neutral,,Monster Manual (SRD),17,15,12,13,12,14
cloud-giant,https://www.aidedd.org/dnd/monstres.php?vo=cloud-giant,9.000,giant,Huge,14,200,,neutral good ,,Monster Manual (SRD),27,10,22,12,16,16
cloud-giant-smiling-one,,11.000,giant (cloud giant),Huge,15,262,,chaotic neutral,,Volo's Guide to Monsters,26,12,22,15,16,17
cockatrice,https://www.aidedd.org/dnd/monstres.php?vo=cockatrice,0.500,monstrosity,Small,11,27,fly,unaligned,,Monster Manual (SRD),6,12,12,2,13,5
commoner,https://www.aidedd.org/dnd/monstres.php?vo=commoner,0.000,humanoid (any race),Medium,10,4,,any alignment,,Monster Manual (SRD),10,10,10,10,10,10
conjurer,,6.000,humanoid (any race),Medium,12,40,,any alignment,,Volo's Guide to Monsters,9,14,11,17,12,11
constrictor-snake,https://www.aidedd.org/dnd/monstres.php?vo=constrictor-snake,0.250,beast,Large,12,13,swim,unaligned,,Monster Manual (SRD),15,14,12,1,10,3
copper-dragon-wyrmling,https://www.aidedd.org/dnd/monstres.php?vo=copper-dragon-wyrmling,1.000,dragon,Medium,16,22,fly,chaotic good,,Monster Manual (SRD),15,12,13,14,11,13
corpse-flower,,8.000,plant,Large,12,127,,chaotic evil,,Mordenkainen's Tome of Foes,14,14,16,7,15,3
couatl,https://www.aidedd.org/dnd/monstres.php?vo=couatl,4.000,celestial,Medium,19,97,fly,lawful good,,Monster Manual (SRD),16,20,17,18,20,18
cow,https://www.aidedd.org/dnd/monstres.php?vo=cow,0.250,beast,Large,10,15,,unaligned,,Volo's Guide to Monsters,18,10,14,2,10,4
crab,https://www.aidedd.org/dnd/monstres.php?vo=crab,0.000,beast,Tiny,11,2,swim,unaligned,,Monster Manual (SRD),2,11,10,1,8,2
crag-cat,,1.000,beast,Large,13,34,,unaligned,,Adventures (Storm King's Thunder),16,17,16,4,14,8
cranium-rat,,0.000,beast,Tiny,12,2,,lawful evil,,Volo's Guide to Monsters,2,14,10,4,11,8
crawling-claw,https://www.aidedd.org/dnd/monstres.php?vo=crawling-claw,0.000,undead,Tiny,12,2,,neutral evil,,Monster Manual (BR),13,14,11,5,10,4
crocodile,https://www.aidedd.org/dnd/monstres.php?vo=crocodile,0.500,beast,Large,12,19,swim,unaligned,,Monster Manual (SRD),15,10,13,2,10,5
crokek-toeck,,14.000,fiend (demon),Gargantuan,15,297,swim,chaotic evil,,Adventures (Descent into Avernus),28,10,24,6,10,13
cult-fanatic,https://www.aidedd.org/dnd/monstres.php?vo=cult-fanatic,2.000,humanoid (any race),Medium,13,33,,any non-good alignment,,Monster Manual (SRD),11,14,12,10,13,14
cultist,https://www.aidedd.org/dnd/monstres.php?vo=cultist,0.125,humanoid (any race),Medium,12,9,,any non-good alignment,,Monster Manual (SRD),11,12,10,10,11,10
cyclops,https://www.aidedd.org/dnd/monstres.php?vo=cyclops,6.000,giant,Huge,14,138,,chaotic neutral,,Monster Manual (SRD),22,11,20,8,6,10
dao,https://www.aidedd.org/dnd/monstres.php?vo=dao,11.000,elemental,Large,18,187,fly,neutral evil,,Monster Manual (BR),23,12,24,12,13,14
darkling,,0.500,fey,Small,14,13,,chaotic neutral,,Volo's Guide to Monsters,9,16,12,10,12,10
darkling-elder,,2.000,fey,Medium,15,27,,chaotic neutral,,Volo's Guide to Monsters,13,17,12,10,14,13
darkmantle,https://www.aidedd.org/dnd/monstres.php?vo=darkmantle,0.500,monstrosity,Small,11,22,fly,unaligned,,Monster Manual (SRD),16,12,13,2,10,5
death-dog,https://www.aidedd.org/dnd/monstres.php?vo=death-dog,1.000,monstrosity,Medium,12,39,,neutral evil,,Monster Manual (SRD),15,14,14,3,13,6
death-kiss,,10.000,aberration,Large,16,161,fly,neutral evil,,Volo's Guide to Monsters,18,14,18,10,12,10
death-knight,,17.000,undead,Medium,20,180,,chaotic evil,,Monster Manual,20,11,20,12,16,18
deathlock,,4.000,undead,Medium,12,36,,neutral evil,,Mordenkainen's Tome of Foes,11,15,10,14,12,16
deathlock-mastermind,,8.000,undead,Medium,13,110,,neutral evil,,Mordenkainen's Tome of Foes,11,16,12,15,12,17
deathlock-wight,,3.000,undead,Medium,12,37,,neutral evil,,Mordenkainen's Tome of Foes,11,14,16,12,14,16
death-s-head-of-bhaal,,5.000,humanoid (human),Medium,15,76,,chaotic evil,,Adventures (Descent into Avernus),20,20,20,14,13,16
death-slaad,,10.000,aberration (shapechanger),Medium,18,170,,chaotic evil,,Monster Manual,20,15,19,15,10,16
death-tyrant,,14.000,undead,Large,19,187,fly,lawful evil,Legendary,Monster Manual,10,14,14,19,15,19
deep-gnome-svirfneblin,https://www.aidedd.org/dnd/monstres.php?vo=deep-gnome-svirfneblin,0.500,humanoid (gnome),Small,15,16,,neutral good,,Monster Manual (SRD),15,14,14,12,10,9
deep-scion,,3.000,humanoid (shapechanger),Medium,11,67,swim,neutral evil,,Volo's Guide to Monsters,18,13,16,10,12,14
deer,https://www.aidedd.org/dnd/monstres.php?vo=deer,0.000,beast,Medium,13,4,,unaligned,,Monster Manual (SRD),11,16,11,2,14,5
deinonychus,,1.000,beast,Medium,13,26,,unaligned,,Adventures (Tomb of Annihilation),15,15,14,4,12,6
demilich,,18.000,undead,Tiny,20,80,fly,neutral evil,Legendary,Monster Manual,1,20,10,20,17,20
demogorgon,,26.000,fiend (demon),Huge,22,406,swim,chaotic evil,,Mordenkainen's Tome of Foes,29,14,26,20,17,25
derro,,0.250,humanoid (derro),Small,13,13,,chaotic evil,,Mordenkainen's Tome of Foes,10,14,12,11,5,9
derro-savant,,3.000,humanoid (derro),Small,13,36,,chaotic evil,,Mordenkainen's Tome of Foes,9,14,12,11,5,14
deva,https://www.aidedd.org/dnd/monstres.php?vo=deva,10.000,celestial,Medium,17,136,fly,lawful good,,Monster Manual (SRD),18,18,18,17,20,20
devilroot,https://www.aidedd.org/dnd/monstres.php?vo=devilroot,7.000,plant,Medium,15,105,,neutral evil,,Extra (AideDD),17,11,17,12,14,14
devourer,,13.000,fiend,Large,16,178,,chaotic evil,,Volo's Guide to Monsters,20,12,20,13,10,16
dhergoloth,,7.000,fiend (yugoloth),Medium,15,119,,neutral evil,,Mordenkainen's Tome of Foes,17,10,19,7,10,9
dimetrodon,,0.250,beast,Medium,12,19,swim,unaligned,,Adventures (Tomb of Annihilation),14,10,15,2,10,5
dire-troll,,13.000,giant,Huge,15,172,,chaotic evil,,Mordenkainen's Tome of Foes,22,15,21,9,11,5
dire-wolf,https://www.aidedd.org/dnd/monstres.php?vo=dire-wolf,1.000,beast,Large,14,37,,unaligned,,Monster Manual (SRD),17,15,15,3,12,7
displacer-beast,,3.000,monstrosity,Large,13,85,,lawful evil,,Monster Manual,18,15,16,6,12,8
diviner,,8.000,humanoid (any race),Medium,12,67,,any alignment,,Volo's Guide to Monsters,9,14,11,18,12,11
djinni,https://www.aidedd.org/dnd/monstres.php?vo=djinni,11.000,elemental,Large,17,161,fly,chaotic good,,Monster Manual (SRD),21,15,22,15,16,20
dolphin,https://www.aidedd.org/dnd/monstres.php?vo=dolphin,0.125,beast,Medium,12,11,swim,unaligned,,Volo's Guide to Monsters,14,13,13,6,12,7
doppelganger,https://www.aidedd.org/dnd/monstres.php?vo=doppelganger,3.000,monstrosity (shapechanger),Medium,14,52,,neutral,,Monster Manual (SRD),11,18,14,11,12,14
draegloth,,7.000,fiend (demon),Large,15,123,,chaotic evil,,Volo's Guide to Monsters,20,15,18,13,11,11
draft-horse,https://www.aidedd.org/dnd/monstres.php?vo=draft-horse,0.250,beast,Large,10,19,,unaligned,,Monster Manual (SRD),18,10,12,2,11,7
dragonbait,,5.000,humanoid (saurial),Medium,17,120,,lawful good,,Adventures (Tomb of Annihilation),15,13,17,14,16,18
dragon-turtle,https://www.aidedd.org/dnd/monstres.php?vo=dragon-turtle,17.000,dragon,Gargantuan,20,341,swim,neutral,,Monster Manual (SRD),25,10,20,10,12,12
dretch,https://www.aidedd.org/dnd/monstres.php?vo=dretch,0.250,fiend (demon),Small,11,18,,chaotic evil,,Monster Manual (SRD),11,11,12,5,8,3
drider,https://www.aidedd.org/dnd/monstres.php?vo=drider,6.000,monstrosity,Large,19,123,,chaotic evil,,Monster Manual (SRD),16,16,18,13,14,12
drow,https://www.aidedd.org/dnd/monstres.php?vo=drow,0.250,humanoid (elf),Medium,15,13,,neutral evil,,Monster Manual (SRD),10,14,10,11,11,12
drow-arachnomancer,,13.000,humanoid (elf),Medium,15,162,,chaotic evil,,Mordenkainen's Tome of Foes,11,17,14,19,14,16
drow-elite-warrior,,5.000,humanoid (elf),Medium,18,71,,neutral evil,,Monster Manual,13,18,14,11,13,12
drow-favored-consort,,18.000,humanoid (elf),Medium,15,225,,neutral evil,,Mordenkainen's Tome of Foes,15,20,16,18,15,18
drow-house-captain,https://www.aidedd.org/dnd/monstres.php?vo=drow-house-captain,9.000,humanoid (elf),Medium,16,162,,neutral evil,,Mordenkainen's Tome of Foes,14,19,15,12,14,13
drow-inquisitor,https://www.aidedd.org/dnd/monstres.php?vo=drow-inquisitor,14.000,humanoid (elf),Medium,16,143,,neutral evil,,Mordenkainen's Tome of Foes,11,15,14,16,21,20
drow-mage,https://www.aidedd.org/dnd/monstres.php?vo=drow-mage,7.000,humanoid (elf),Medium,12,45,,neutral evil,,Monster Manual (BR),9,14,10,17,13,12
drow-matron-mother,,20.000,humanoid (elf),Medium,17,262,,neutral evil,,Mordenkainen's Tome of Foes,12,18,16,17,21,22
drow-priestress-of-lolth,,8.000,humanoid (elf),Medium,16,71,,neutral evil,,Monster Manual,10,14,12,13,17,18
drow-shadowblade,,11.000,humanoid (elf),Medium,17,150,,neutral evil,,Mordenkainen's Tome of Foes,14,21,16,12,14,13
druid,https://www.aidedd.org/dnd/monstres.php?vo=druid,2.000,humanoid (any race),Medium,11,27,,any alignment,,Monster Manual (SRD),10,12,13,12,15,11
dryad,https://www.aidedd.org/dnd/monstres.php?vo=dryad,1.000,fey,Medium,11,22,,neutral,,Monster Manual (SRD),10,12,11,14,15,18
duergar,https://www.aidedd.org/dnd/monstres.php?vo=duergar,1.000,humanoid (dwarf),Medium,16,26,,lawful evil,,Monster Manual (SRD),14,11,14,11,10,9
duergar-despot,,12.000,humanoid (dwarf),Medium,21,119,,lawful evil,,Mordenkainen's Tome of Foes,20,5,19,15,14,13
duergar-kavalrachni,,2.000,humanoid (dwarf),Medium,16,26,,lawful evil,,Mordenkainen's Tome of Foes,14,11,14,11,10,9
duergar-mind-master,,2.000,humanoid (dwarf),Medium,14,39,,lawful evil,,Mordenkainen's Tome of Foes,11,17,14,15,10,12
duergar-soulblade,,1.000,humanoid (dwarf),Medium,14,18,,lawful evil,,Mordenkainen's Tome of Foes,11,16,10,11,10,12
duergar-stone-guard,,2.000,humanoid (dwarf),Medium,18,39,,lawful evil,,Mordenkainen's Tome of Foes,18,11,14,11,10,9
duergar-warlord,,6.000,humanoid (dwarf),Medium,20,75,,lawful evil,,Mordenkainen's Tome of Foes,18,11,17,12,12,14
duergar-xarrorn,,2.000,humanoid (dwarf),Medium,18,26,,lawful evil,,Mordenkainen's Tome of Foes,16,11,14,11,10,9
duodrone,,0.250,construct,Medium,15,11,,lawful neutral,,Monster Manual,11,13,12,6,10,7
dust-mephit,https://www.aidedd.org/dnd/monstres.php?vo=dust-mephit,0.500,elemental,Small,12,17,fly,neutral evil,,Monster Manual (SRD),5,14,10,9,11,10
dybbuk,,4.000,fiend (demon),Medium,14,37,fly,chaotic evil,,Mordenkainen's Tome of Foes,6,19,16,16,15,14
eagle,https://www.aidedd.org/dnd/monstres.php?vo=eagle,0.000,beast,Small,12,3,fly,unaligned,,Monster Manual (SRD),6,15,10,2,14,7
earth-elemental,https://www.aidedd.org/dnd/monstres.php?vo=earth-elemental,5.000,elemental,Large,17,126,,neutral,,Monster Manual (SRD),20,8,20,5,10,5
earth-elemental-myrmidon,,7.000,elemental,Medium,18,127,,neutral,,Mordenkainen's Tome of Foes,18,10,17,8,10,10
eblis,,1.000,monstrosity,Large,13,26,fly,neutral evil,,Adventures (Tomb of Annihilation),11,16,12,12,14,11
efreeti,https://www.aidedd.org/dnd/monstres.php?vo=efreeti,11.000,elemental,Large,17,200,fly,lawful evil,,Monster Manual (SRD),22,12,24,16,15,16
eidolon,,12.000,undead,Medium,9,63,fly,any alignment,,Mordenkainen's Tome of Foes,7,8,9,14,19,16
elder-brain,,14.000,aberration,Large,10,210,swim,lawful evil,Legendary,Volo's Guide to Monsters,15,10,20,21,19,24
elder-oblex,,10.000,ooze,Huge,16,115,,lawful evil,,Mordenkainen's Tome of Foes,15,16,21,22,13,18
elder-tempest,,23.000,elemental,Gargantuan,19,264,fly,neutral,,Mordenkainen's Tome of Foes,23,28,23,2,21,18
elephant,https://www.aidedd.org/dnd/monstres.php?vo=elephant,4.000,beast,Huge,12,76,,unaligned,,Monster Manual (SRD),22,9,17,3,11,6
elk,https://www.aidedd.org/dnd/monstres.php?vo=elk,0.250,beast,Large,10,13,,unaligned,,Monster Manual (SRD),16,10,12,2,10,6
empyrean,,23.000,celestial (titan),Huge,22,313,"fly, swim",chaotic good ,Legendary,Monster Manual,30,21,30,21,22,27
enchanter,,5.000,humanoid (any race),Medium,12,40,,any alignment,,Volo's Guide to Monsters,9,14,11,17,12,11
erinyes,https://www.aidedd.org/dnd/monstres.php?vo=erinyes,12.000,fiend (devil),Medium,18,153,fly,lawful evil,,Monster Manual (SRD),18,16,18,14,14,18
ettercap,https://www.aidedd.org/dnd/monstres.php?vo=ettercap,2.000,monstrosity,Medium,13,44,,neutral evil,,Monster Manual (SRD),14,15,13,7,12,8
ettin,https://www.aidedd.org/dnd/monstres.php?vo=ettin,4.000,giant,Large,12,85,,chaotic evil,,Monster Manual (SRD),21,8,17,6,10,8
evoker,,9.000,humanoid (any race),Medium,12,66,,any alignment,,Volo's Guide to Monsters,9,14,12,17,12,11
faerie-dragon,,1.000,dragon,Tiny,15,14,fly,chaotic good,,Monster Manual,3,20,13,14,12,16
female-steeder,,1.000,monstrosity,Large,14,30,,unaligned,,Mordenkainen's Tome of Foes,15,16,14,2,10,3
fire-elemental,https://www.aidedd.org/dnd/monstres.php?vo=fire-elemental,5.000,elemental,Large,13,102,,neutral,,Monster Manual (SRD),10,17,16,6,10,7
fire-elemental-myrmidon,,7.000,elemental,Medium,18,123,,neutral,,Mordenkainen's Tome of Foes,13,18,15,9,10,10
fire-giant,https://www.aidedd.org/dnd/monstres.php?vo=fire-giant,9.000,giant,Huge,18,162,,lawful evil,,Monster Manual (SRD),25,9,23,10,14,13
fire-giant-dreadnought,,14.000,giant (fire giant),Huge,21,187,,lawful evil,,Volo's Guide to Monsters,27,9,23,8,10,11
firenewt-warlock-of-imix,,1.000,humanoid (firenewt),Medium,10,33,,neutral evil,,Volo's Guide to Monsters,13,11,12,9,11,14
firenewt-warrior,,0.500,humanoid (firenewt),Medium,16,22,,neutral evil,,Volo's Guide to Monsters,10,13,12,7,11,8
fire-snake,https://www.aidedd.org/dnd/monstres.php?vo=fire-snake,1.000,elemental,Medium,14,22,,neutral evil,,Monster Manual (BR),12,14,11,7,10,8
fist-of-bane,,0.500,humanoid (human),Medium,18,22,,lawful evil,,Adventures (Descent into Avernus),16,11,13,10,12,11
flail-snail,,3.000,elemental,Large,16,52,,unaligned,,Volo's Guide to Monsters,17,5,20,3,10,5
flameskull,https://www.aidedd.org/dnd/monstres.php?vo=flameskull,4.000,undead,Tiny,13,40,fly,neutral evil,,Monster Manual (SRD),1,17,14,16,10,11
flesh-golem,https://www.aidedd.org/dnd/monstres.php?vo=flesh-golem,5.000,construct,Medium,9,93,,neutral,,Monster Manual (SRD),19,9,18,6,10,5
flind,https://www.aidedd.org/dnd/monstres.php?vo=flind,9.000,humanoid (gnoll),Medium,16,127,,chaotic evil,,Volo's Guide to Monsters,20,10,19,11,13,12
flumph,,0.125,aberration,Small,12,7,fly,lawful good,,Monster Manual,6,15,10,14,14,11
flying-snake,https://www.aidedd.org/dnd/monstres.php?vo=flying-snake,0.125,beast,Tiny,14,5,"fly, swim",unaligned,,Monster Manual (SRD),4,18,11,2,12,5
flying-sword,https://www.aidedd.org/dnd/monstres.php?vo=flying-sword,0.250,construct,Small,17,17,fly,unaligned,,Monster Manual (SRD),12,15,11,1,5,1
fomorian,,8.000,giant,Huge,14,149,,chaotic evil,,Monster Manual,23,10,20,9,14,6
fraz-urb-luu,,23.000,fiend (demon),Large,18,337,fly,chaotic evil,,Mordenkainen's Tome of Foes,29,12,25,26,24,26
frog,https://www.aidedd.org/dnd/monstres.php?vo=frog,0.000,beast,Tiny,11,1,swim,unaligned,,Monster Manual (SRD),1,13,8,1,8,3
froghemoth,https://www.aidedd.org/dnd/monstres.php?vo=froghemoth,10.000,monstrosity,Huge,14,184,swim,unaligned,,Volo's Guide to Monsters,23,13,20,2,12,5
frost-giant,https://www.aidedd.org/dnd/monstres.php?vo=frost-giant,8.000,giant,Huge,15,138,,neutral evil,,Monster Manual (SRD),23,9,21,9,10,12
frost-giant-everlasting-one,,12.000,giant (frost giant),Huge,15,189,,chaotic evil,,Volo's Guide to Monsters,25,9,24,9,10,12
frost-salamander,,9.000,elemental,Huge,17,168,,unaligned,,Mordenkainen's Tome of Foes,20,12,18,7,11,7
galeb-duhr,https://www.aidedd.org/dnd/monstres.php?vo=galeb-duhr,6.000,elemental,Medium,16,85,,neutral,,Monster Manual (BR),20,14,20,11,12,11
gargoyle,https://www.aidedd.org/dnd/monstres.php?vo=gargoyle,2.000,elemental,Medium,15,52,fly,chaotic evil,,Monster Manual (SRD),15,11,16,6,11,7
gas-spore,,0.500,plant,Large,5,1,fly,unaligned,,Monster Manual,5,1,3,1,1,1
gauth,https://www.aidedd.org/dnd/monstres.php?vo=gauth,6.000,aberration,Medium,15,67,fly,lawful evil,,Volo's Guide to Monsters,10,14,16,15,15,13
gazer,,0.500,aberration,Tiny,13,13,fly,neutral evil,,Volo's Guide to Monsters,3,17,14,3,10,7
gelatinous-cube,https://www.aidedd.org/dnd/monstres.php?vo=gelatinous-cube,2.000,ooze,Large,6,84,,unaligned,,Monster Manual (SRD),14,3,20,1,6,1
geryon,,22.000,fiend (devil),Huge,19,300,fly,lawful evil,,Mordenkainen's Tome of Foes,29,17,22,19,16,23
ghast,https://www.aidedd.org/dnd/monstres.php?vo=ghast,2.000,undead,Medium,13,36,,chaotic evil,,Monster Manual (SRD),16,17,10,11,10,8
ghost,https://www.aidedd.org/dnd/monstres.php?vo=ghost,4.000,undead,Medium,11,45,fly,any alignment,,Monster Manual (SRD),7,13,10,10,12,17
ghoul,https://www.aidedd.org/dnd/monstres.php?vo=ghoul,1.000,undead,Medium,12,22,,chaotic evil,,Monster Manual (SRD),13,15,10,7,10,6
giant-ape,https://www.aidedd.org/dnd/monstres.php?vo=giant-ape,7.000,beast,Huge,12,157,,unaligned,,Monster Manual (SRD),23,14,18,7,12,7
giant-badger,https://www.aidedd.org/dnd/monstres.php?vo=giant-badger,0.250,beast,Medium,10,13,,unaligned,,Monster Manual (SRD),13,10,15,2,12,5
giant-bat,https://www.aidedd.org/dnd/monstres.php?vo=giant-bat,0.250,beast,Large,13,22,fly,unaligned,,Monster Manual (SRD),15,16,11,2,12,6
giant-boar,https://www.aidedd.org/dnd/monstres.php?vo=giant-boar,2.000,beast,Large,12,42,,unaligned,,Monster Manual (SRD),17,10,16,2,7,5
giant-centipede,https://www.aidedd.org/dnd/monstres.php?vo=giant-centipede,0.250,beast,Small,13,4,,unaligned,,Monster Manual (SRD),5,14,12,1,7,3
giant-constrictor-snake,https://www.aidedd.org/dnd/monstres.php?vo=giant-constrictor-snake,2.000,beast,Huge,12,60,swim,unaligned,,Monster Manual (SRD),19,14,12,1,10,3
giant-crab,https://www.aidedd.org/dnd/monstres.php?vo=giant-crab,0.125,beast,Medium,15,13,swim,unaligned,,Monster Manual (SRD),13,15,11,1,9,3
giant-crocodile,https://www.aidedd.org/dnd/monstres.php?vo=giant-crocodile,5.000,beast,Huge,14,85,swim,unaligned,,Monster Manual (SRD),21,9,17,2,10,7
giant-eagle,https://www.aidedd.org/dnd/monstres.php?vo=giant-eagle,1.000,beast,Large,13,26,fly,neutral good,,Monster Manual (SRD),16,17,13,8,14,10
giant-elk,https://www.aidedd.org/dnd/monstres.php?vo=giant-elk,2.000,beast,Huge,14,42,,unaligned,,Monster Manual (SRD),19,16,14,7,14,10
giant-fire-beetle,https://www.aidedd.org/dnd/monstres.php?vo=giant-fire-beetle,0.000,beast,Small,13,4,,unaligned,,Monster Manual (SRD),8,10,12,1,7,3
giant-four-armed-gargoyle,,10.000,elemental,Large,17,147,fly,chaotic evil,,Adventures (Tomb of Annihilation),19,11,20,6,11,9
giant-frog,https://www.aidedd.org/dnd/monstres.php?vo=giant-frog,0.250,beast,Medium,11,18,swim,unaligned,,Monster Manual (SRD),12,13,11,2,10,3
giant-goat,https://www.aidedd.org/dnd/monstres.php?vo=giant-goat,0.500,beast,Large,11,19,,unaligned,,Monster Manual (SRD),17,11,12,3,12,6
giant-hyena,https://www.aidedd.org/dnd/monstres.php?vo=giant-hyena,1.000,beast,Large,12,45,,unaligned,,Monster Manual (SRD),16,14,14,2,12,7
giant-lizard,https://www.aidedd.org/dnd/monstres.php?vo=giant-lizard,0.250,beast,Large,12,19,,unaligned,,Monster Manual (SRD),15,12,13,2,10,5
giant-octopus,https://www.aidedd.org/dnd/monstres.php?vo=giant-octopus,1.000,beast,Large,11,52,swim,unaligned,,Monster Manual (SRD),17,13,13,4,10,4
giant-owl,https://www.aidedd.org/dnd/monstres.php?vo=giant-owl,0.250,beast,Large,12,19,fly,neutral,,Monster Manual (SRD),13,15,12,8,13,10
giant-poisonous-snake,https://www.aidedd.org/dnd/monstres.php?vo=giant-poisonous-snake,0.250,beast,Medium,14,11,swim,unaligned,,Monster Manual (SRD),10,18,13,2,10,3
giant-rat,https://www.aidedd.org/dnd/monstres.php?vo=giant-rat,0.125,beast,Small,12,7,,unaligned,,Monster Manual (SRD),7,15,11,2,10,4
giant-scorpion,https://www.aidedd.org/dnd/monstres.php?vo=giant-scorpion,3.000,beast,Large,15,52,,unaligned,,Monster Manual (SRD),15,13,15,1,9,3
giant-sea-horse,https://www.aidedd.org/dnd/monstres.php?vo=giant-sea-horse,0.500,beast,Large,13,16,swim,unaligned,,Monster Manual (SRD),12,15,11,2,12,5
giant-shark,https://www.aidedd.org/dnd/monstres.php?vo=giant-shark,5.000,beast,Huge,13,126,swim,unaligned,,Monster Manual (SRD),23,11,21,1,10,5
giant-spider,https://www.aidedd.org/dnd/monstres.php?vo=giant-spider,1.000,beast,Large,14,26,,unaligned,,Monster Manual (SRD),14,16,12,2,11,4
giant-strider,,1.000,monstrosity,Large,14,22,,neutral evil,,Volo's Guide to Monsters,18,13,14,4,12,6
giant-toad,https://www.aidedd.org/dnd/monstres.php?vo=giant-toad,1.000,beast,Large,11,39,swim,unaligned,,Monster Manual (SRD),15,13,13,2,10,3
giant-two-headed-goat,https://www.aidedd.org/dnd/monstres.php?vo=giant-two-headed-goat,0.500,beast,Large,11,19,,unaligned,,Extra (Adventurers League),17,11,12,3,12,6
giant-vulture,https://www.aidedd.org/dnd/monstres.php?vo=giant-vulture,1.000,beast,Large,10,22,fly,neutral evil,,Monster Manual (SRD),15,10,15,6,12,7
giant-wasp,https://www.aidedd.org/dnd/monstres.php?vo=giant-wasp,0.500,beast,Medium,12,13,fly,unaligned,,Monster Manual (SRD),10,14,10,1,10,3
giant-weasel,https://www.aidedd.org/dnd/monstres.php?vo=giant-weasel,0.125,beast,Medium,13,9,,unaligned,,Monster Manual (SRD),11,16,10,4,12,5
giant-wolf-spider,https://www.aidedd.org/dnd/monstres.php?vo=giant-wolf-spider,0.250,beast,Medium,13,11,,unaligned,,Monster Manual (SRD),12,16,13,3,12,4
gibbering-mouther,https://www.aidedd.org/dnd/monstres.php?vo=gibbering-mouther,2.000,aberration,Medium,9,67,swim,neutral,,Monster Manual (SRD),10,8,16,3,10,6
giff,,3.000,humanoid,Medium,16,60,,lawful neutral,,Mordenkainen's Tome of Foes,18,14,17,11,12,12
girallon,,4.000,monstrosity,Large,13,59,,unaligned,,Volo's Guide to Monsters,18,16,16,5,12,7
githyanki-gish,,10.000,humanoid (gith),Medium,17,123,,lawful evil,,Mordenkainen's Tome of Foes,17,15,14,16,15,16
githyanki-kith--rak,,12.000,humanoid (gith),Medium,18,180,,lawful evil,,Mordenkainen's Tome of Foes,18,16,17,16,15,17
githyanki-knight,,8.000,humanoid (gith),Medium,18,91,,lawful evil,,Monster Manual,16,14,15,14,14,15
githyanki-supreme-commander,,14.000,humanoid (gith),Medium,18,187,,lawful evil,,Mordenkainen's Tome of Foes,19,17,18,16,16,18
githyanki-warrior,,3.000,humanoid (gith),Medium,17,49,,lawful evil,,Monster Manual,15,14,12,13,13,10
githzerai-anarch,,16.000,humanoid (gith),Medium,20,144,fly,lawful neutral,,Mordenkainen's Tome of Foes,16,21,18,18,20,14
githzerai-enlightned,,10.000,humanoid (gith),Medium,18,112,,lawful neutral,,Mordenkainen's Tome of Foes,14,19,16,17,19,13
githzerai-monk,,2.000,humanoid (gith),Medium,14,38,,lawful neutral,,Monster Manual,12,15,12,13,14,10
githzerai-zerth,,6.000,humanoid (gith),Medium,17,84,,lawful neutral,,Monster Manual,13,18,15,16,17,12
glabrezu,https://www.aidedd.org/dnd/monstres.php?vo=glabrezu,9.000,fiend (demon),Large,17,157,,chaotic evil,,Monster Manual (SRD),20,15,21,19,17,16
gladiator,https://www.aidedd.org/dnd/monstres.php?vo=gladiator,5.000,humanoid (any race),Medium,16,112,,any alignment,,Monster Manual (SRD),18,15,16,10,12,15
gloom-weaver,,9.000,humanoid (elf),Medium,14,104,,neutral,,Mordenkainen's Tome of Foes,11,18,14,15,12,18
gnoll,https://www.aidedd.org/dnd/monstres.php?vo=gnoll,0.500,humanoid (gnoll),Medium,15,22,,chaotic evil,,Monster Manual (SRD),14,12,11,6,10,7
gnoll-fang-of-yeenoghu,,4.000,fiend (gnoll),Medium,14,65,,chaotic evil,,Monster Manual,17,15,15,10,11,13
gnoll-flesh-gnawer,,1.000,humanoid (gnoll),Medium,14,22,,chaotic evil,,Volo's Guide to Monsters,12,14,12,8,10,8
gnoll-hunter,,0.500,humanoid (gnoll),Medium,13,22,,chaotic evil,,Volo's Guide to Monsters,14,14,12,8,12,8
gnoll-pack-lord,https://www.aidedd.org/dnd/monstres.php?vo=gnoll-pack-lord,2.000,humanoid (gnoll),Medium,15,49,,chaotic evil,,Monster Manual (BR),16,14,13,8,11,9
gnoll-witherling,,0.250,undead,Medium,12,11,,chaotic evil,,Volo's Guide to Monsters,14,8,12,5,5,5
goat,https://www.aidedd.org/dnd/monstres.php?vo=goat,0.000,beast,Medium,10,4,,unaligned,,Monster Manual (SRD),12,10,11,2,10,5
goblin,https://www.aidedd.org/dnd/monstres.php?vo=goblin,0.250,humanoid (goblinoid),Small,15,7,,neutral evil,,Monster Manual (SRD),8,14,10,10,8,8
goblin-boss,,1.000,humanoid (goblinoid),Small,17,21,,neutral evil,,Monster Manual,10,14,10,10,8,10
gold-dragon-wyrmling,https://www.aidedd.org/dnd/monstres.php?vo=gold-dragon-wyrmling,3.000,dragon,Medium,17,60,"fly, swim",lawful good,,Monster Manual (SRD),19,14,17,14,11,16
gorgon,https://www.aidedd.org/dnd/monstres.php?vo=gorgon,5.000,monstrosity,Large,19,114,,unaligned,,Monster Manual (SRD),20,11,18,2,12,7
goristro,,17.000,fiend (demon),Huge,19,310,,chaotic evil,,Monster Manual,25,11,25,6,13,14
gray-ooze,https://www.aidedd.org/dnd/monstres.php?vo=gray-ooze,0.500,ooze,Medium,8,22,,unaligned,,Monster Manual (SRD),12,6,16,1,6,2
gray-render,,12.000,monstrosity,Large,19,189,,chaotic neutral,,Mordenkainen's Tome of Foes,19,13,20,3,6,8
gray-slaad,,9.000,aberration (shapechanger),Medium,18,127,,chaotic neutral,,Monster Manual,17,17,16,13,8,14
graz-zt,,24.000,"fiend (demon, shapechanger)",Large,20,346,,chaotic evil,,Mordenkainen's Tome of Foes,22,15,21,23,21,26
green-abishai,,15.000,fiend (devil),Medium,18,187,fly,lawful evil,,Mordenkainen's Tome of Foes,12,17,16,17,12,19
green-dragon-wyrmling,https://www.aidedd.org/dnd/monstres.php?vo=green-dragon-wyrmling,2.000,dragon,Medium,17,38,"fly, swim",lawful evil,,Monster Manual (SRD),15,12,13,14,11,13
green-hag,https://www.aidedd.org/dnd/monstres.php?vo=green-hag,3.000,fey,Medium,17,82,,neutral evil,,Monster Manual (SRD),18,12,16,13,14,14
green-slaad,,8.000,aberration (shapechanger),Large,16,127,,chaotic neutral,,Monster Manual,18,15,16,11,8,12
grell,https://www.aidedd.org/dnd/monstres.php?vo=grell,3.000,aberration,Medium,12,55,fly,neutral evil,,Monster Manual (BR),15,14,13,12,11,9
grick,https://www.aidedd.org/dnd/monstres.php?vo=grick,2.000,monstrosity,Medium,14,27,,neutral,,Monster Manual (SRD),14,14,11,3,14,5
grick-alpha,,7.000,monstrosity,Large,18,75,,neutral,,Monster Manual,18,16,15,4,14,9
griffon,https://www.aidedd.org/dnd/monstres.php?vo=griffon,2.000,monstrosity,Large,12,59,fly,unaligned,,Monster Manual (SRD),18,15,16,2,13,8
grimlock,https://www.aidedd.org/dnd/monstres.php?vo=grimlock,0.250,humanoid (grimlock),Medium,11,11,,neutral evil,,Monster Manual (SRD),16,12,12,9,8,6
grung,,0.250,humanoid (grung),Small,12,11,,lawful evil,,Volo's Guide to Monsters,7,14,15,10,11,10
grung-elite-warrior,,2.000,humanoid (grung),Small,13,49,,lawful evil,,Volo's Guide to Monsters,7,16,15,10,11,12
grung-wildling,,1.000,humanoid (grung),Small,13,27,,lawful evil,,Volo's Guide to Monsters,7,16,15,10,15,11
guard,https://www.aidedd.org/dnd/monstres.php?vo=guard,0.125,humanoid (any race),Medium,16,11,,any alignment,,Monster Manual (SRD),13,12,12,10,11,10
guard-drake,,2.000,dragon,Medium,14,52,,unaligned,,Volo's Guide to Monsters,16,11,16,4,10,7
guardian-naga,https://www.aidedd.org/dnd/monstres.php?vo=guardian-naga,10.000,monstrosity,Large,18,127,,lawful good,,Monster Manual (SRD),19,18,16,16,19,18
gynosphinx,https://www.aidedd.org/dnd/monstres.php?vo=gynosphinx,11.000,monstrosity,Large,17,136,fly,lawful neutral,Legendary,Monster Manual (SRD),18,15,16,18,18,18
halaster-blackcloak,,23.000,humanoid (human),Medium,14,246,,chaotic evil,,Adventures (Dungeon of the Mad Mage),10,18,18,24,18,18
half-ogre,https://www.aidedd.org/dnd/monstres.php?vo=half-ogre,1.000,giant,Large,12,30,,any chaotic alignment,,Monster Manual (BR),17,10,14,7,9,10
half-red-dragon-veteran,https://www.aidedd.org/dnd/monstres.php?vo=half-red-dragon-veteran,5.000,humanoid (human),Medium,18,65,,any alignment,,Monster Manual (BR),16,13,14,10,11,10
harpy,https://www.aidedd.org/dnd/monstres.php?vo=harpy,1.000,monstrosity,Medium,11,38,fly,chaotic evil,,Monster Manual (SRD),12,13,12,7,10,13
hawk,https://www.aidedd.org/dnd/monstres.php?vo=hawk,0.000,beast,Tiny,13,1,fly,unaligned,,Monster Manual (SRD),5,16,8,2,14,6
hellfire-engine,,16.000,construct,Huge,18,216,,lawful evil,,Mordenkainen's Tome of Foes,20,16,24,2,10,1
hell-hound,https://www.aidedd.org/dnd/monstres.php?vo=hell-hound,3.000,fiend,Medium,15,45,,lawful evil,,Monster Manual (SRD),17,12,14,6,13,6
hellwasp,,5.000,fiend,Large,19,52,fly,lawful evil,,Adventures (Descent into Avernus),18,15,12,10,10,7
helmed-horror,https://www.aidedd.org/dnd/monstres.php?vo=helmed-horror,4.000,construct,Medium,20,60,fly,neutral,,Monster Manual (BR),18,13,16,10,10,10
hezrou,https://www.aidedd.org/dnd/monstres.php?vo=hezrou,8.000,fiend (demon),Large,16,136,,chaotic evil,,Monster Manual (SRD),19,17,20,5,12,13
hill-giant,https://www.aidedd.org/dnd/monstres.php?vo=hill-giant,5.000,giant,Huge,13,105,,chaotic evil,,Monster Manual (SRD),21,8,19,5,9,6
hippogriff,https://www.aidedd.org/dnd/monstres.php?vo=hippogriff,1.000,monstrosity,Large,11,19,fly,unaligned,,Monster Manual (SRD),17,13,13,2,12,8
hobgoblin,https://www.aidedd.org/dnd/monstres.php?vo=hobgoblin,0.500,humanoid (goblinoid),Medium,18,11,,lawful evil,,Monster Manual (SRD),13,12,12,10,10,9
hobgoblin-captain,https://www.aidedd.org/dnd/monstres.php?vo=hobgoblin-captain,3.000,humanoid (goblinoid),Medium,17,39,,lawful evil,,Monster Manual (BR),15,14,14,12,10,13
hobgoblin-devastator,,4.000,humanoid (goblinoid),Medium,13,45,,lawful evil,,Volo's Guide to Monsters,13,12,14,16,13,11
hobgoblin-iron-shadow,https://www.aidedd.org/dnd/monstres.php?vo=hobgoblin-iron-shadow,2.000,humanoid (goblinoid),Medium,15,32,,lawful evil,,Volo's Guide to Monsters,14,16,15,14,15,11
hobgoblin-warlord,,6.000,humanoid (goblinoid),Medium,20,97,,lawful evil,,Monster Manual,16,14,16,14,11,15
homunculus,https://www.aidedd.org/dnd/monstres.php?vo=homunculus,0.000,construct,Tiny,13,5,fly,neutral,,Monster Manual (SRD),4,15,11,10,10,7
hook-horror,https://www.aidedd.org/dnd/monstres.php?vo=hook-horror,3.000,monstrosity,Large,15,75,,neutral,,Monster Manual (BR),18,10,15,6,12,7
horned-devil,https://www.aidedd.org/dnd/monstres.php?vo=horned-devil,11.000,fiend (devil),Large,18,178,fly,lawful evil,,Monster Manual (SRD),22,17,21,12,16,17
howler,,8.000,fiend,Large,16,90,,chaotic evil,,Mordenkainen's Tome of Foes,17,16,15,5,20,6
hulking-crab,,5.000,beast,Huge,17,76,swim,unaligned,,Adventures (Storm King's Thunder),19,8,16,3,11,3
hunter-shark,https://www.aidedd.org/dnd/monstres.php?vo=hunter-shark,2.000,beast,Large,12,45,swim,unaligned,,Monster Manual (SRD),18,13,15,1,10,4
hutijin,,21.000,fiend (devil),Large,19,200,fly,lawful evil,,Mordenkainen's Tome of Foes,27,15,25,23,19,25
hydra,https://www.aidedd.org/dnd/monstres.php?vo=hydra,8.000,monstrosity,Huge,15,172,swim,unaligned,,Monster Manual (SRD),20,12,20,2,10,7
hydroloth,,9.000,fiend (yugoloth),Medium,15,135,swim,neutral evil,,Mordenkainen's Tome of Foes,12,21,16,19,10,14
hyena,https://www.aidedd.org/dnd/monstres.php?vo=hyena,0.000,beast,Medium,11,5,,unaligned,,Monster Manual (SRD),11,13,12,2,12,5
ice-devil,https://www.aidedd.org/dnd/monstres.php?vo=ice-devil,14.000,fiend (devil),Large,18,180,,lawful evil,,Monster Manual (SRD),21,14,18,18,15,18
ice-mephit,https://www.aidedd.org/dnd/monstres.php?vo=ice-mephit,0.500,elemental,Small,11,21,fly,neutral evil,,Monster Manual (SRD),7,13,10,9,11,12
ice-toad,,1.000,monstrosity,Medium,12,32,swim,neutral,,Adventures (Tyranny of Dragons),13,10,14,8,10,6
illusionist,,3.000,humanoid (any race),Medium,12,38,,any alignment,,Volo's Guide to Monsters,9,14,13,16,11,12
imix,,19.000,elemental,Huge,17,325,fly,neutral evil,,Adventures (Princes of the Apocalypse),19,24,22,15,16,23
imp,https://www.aidedd.org/dnd/monstres.php?vo=imp,1.000,"fiend (devil, shapechanger)",Tiny,13,10,fly,lawful evil,,Monster Manual (SRD),6,17,13,11,12,14
intellect-devourer,,2.000,aberration,Tiny,12,21,,lawful evil,,Monster Manual,6,14,13,12,11,10
invisible-stalker,https://www.aidedd.org/dnd/monstres.php?vo=invisible-stalker,6.000,elemental,Medium,14,104,fly,neutral,,Monster Manual (SRD),16,19,14,10,15,11
iron-cobra,,4.000,construct,Medium,13,45,,unaligned,,Mordenkainen's Tome of Foes,12,16,14,3,10,1
iron-consul,,2.000,humanoid (human),Medium,16,45,,lawful evil,,Adventures (Descent into Avernus),17,11,16,12,15,16
iron-golem,https://www.aidedd.org/dnd/monstres.php?vo=iron-golem,16.000,construct,Large,20,210,,unaligned,,Monster Manual (SRD),24,9,20,3,11,1
jackal,https://www.aidedd.org/dnd/monstres.php?vo=jackal,0.000,beast,Small,12,3,,unaligned,,Monster Manual (SRD),8,15,11,3,12,6
jackalwere,https://www.aidedd.org/dnd/monstres.php?vo=jackalwere,0.500,humanoid (shapechanger),Medium,12,18,,chaotic evil,,Monster Manual (BR),11,15,11,13,11,10
jaculi,,0.500,beast,Large,14,16,,unaligned,,Adventures (Tomb of Annihilation),15,14,11,2,8,3
jarlaxle-baenre,,15.000,humanoid (elf),Medium,24,123,,chaotic neutral,,Adventures (Dragon Heist),12,22,14,20,16,19
juiblex,,23.000,fiend (demon),Huge,18,350,,chaotic evil,,Mordenkainen's Tome of Foes,24,10,23,20,20,16
kamadan,,4.000,monstrosity,Large,13,67,,unaligned,,Adventures (Tomb of Annihilation),16,16,14,3,14,10
kenku,https://www.aidedd.org/dnd/monstres.php?vo=kenku,0.250,humanoid (kenku),Medium,13,13,,chaotic neutral,,Monster Manual (BR),10,16,10,11,10,10
killer-whale,https://www.aidedd.org/dnd/monstres.php?vo=killer-whale,3.000,beast,Huge,12,90,swim,unaligned,,Monster Manual (SRD),19,10,13,3,12,7
ki-rin,,12.000,celestial,Huge,20,152,fly,lawful good,Legendary,Volo's Guide to Monsters,21,16,16,19,20,20
knight,https://www.aidedd.org/dnd/monstres.php?vo=knight,3.000,humanoid (any race),Medium,18,52,,any alignment,,Monster Manual (SRD),16,11,14,11,11,15
kobold,https://www.aidedd.org/dnd/monstres.php?vo=kobold,0.125,humanoid (kobold),Small,12,5,,lawful evil,,Monster Manual (SRD),7,15,9,8,7,8
kobold-dragonshield,,1.000,humanoid (kobold),Small,15,44,,lawful evil,,Volo's Guide to Monsters,12,15,14,8,9,10
kobold-inventor,https://www.aidedd.org/dnd/monstres.php?vo=kobold-inventor,0.250,humanoid (kobold),Small,12,13,,lawful evil,,Volo's Guide to Monsters,7,15,12,8,7,8
kobold-scale-sorcerer,,1.000,humanoid (kobold),Small,15,27,,lawful evil,,Volo's Guide to Monsters,7,15,14,10,9,14
korred,,7.000,fey,Small,17,102,,chaotic neutral,,Volo's Guide to Monsters,23,14,20,10,15,9
kraken,https://www.aidedd.org/dnd/monstres.php?vo=kraken,23.000,monstrosity (titan),Gargantuan,18,472,swim,chaotic evil,Legendary,Monster Manual (SRD),30,11,25,22,18,20
kraken-priest,,5.000,humanoid (any race),Medium,10,75,swim,any evil alignment,,Volo's Guide to Monsters,12,10,16,10,15,14
kruthik-hive-lord,,5.000,monstrosity,Large,20,102,,unaligned,,Mordenkainen's Tome of Foes,19,16,17,10,14,10
kuo-toa,https://www.aidedd.org/dnd/monstres.php?vo=kuo-toa,0.250,humanoid (kuo-toa),Medium,13,18,swim,neutral evil,,Monster Manual (BR),13,10,11,11,10,8
kuo-toa-archpriest,https://www.aidedd.org/dnd/monstres.php?vo=kuo-toa-archpriest,6.000,humanoid (kuo-toa),Medium,13,97,swim,neutral evil,,Monster Manual (BR),16,14,16,13,16,14
kuo-toa-whip,https://www.aidedd.org/dnd/monstres.php?vo=kuo-toa-whip,1.000,humanoid (kuo-toa),Medium,11,65,swim,neutral evil,,Monster Manual (BR),14,10,14,12,14,11
laeral-silverhand,https://www.aidedd.org/dnd/monstres.php?vo=laeral-silverhand,17.000,humanoid (human),Medium,18,228,,chaotic good,,Adventures (Dragon Heist),13,17,20,20,20,19
lamia,https://www.aidedd.org/dnd/monstres.php?vo=lamia,4.000,monstrosity,Large,13,97,,chaotic evil,,Monster Manual (SRD),16,13,15,14,15,16
lemure,https://www.aidedd.org/dnd/monstres.php?vo=lemure,0.000,fiend (devil),Medium,7,13,,lawful evil,,Monster Manual (SRD),10,5,11,1,11,3
leucrotta,,3.000,monstrosity,Large,14,67,,chaotic evil,,Volo's Guide to Monsters,18,14,15,9,12,6
leviathan,,20.000,elemental,Gargantuan,17,328,swim,neutral,,Mordenkainen's Tome of Foes,30,24,30,2,18,17
lich,https://www.aidedd.org/dnd/monstres.php?vo=lich,21.000,undead,Medium,17,135,,any evil alignment,Legendary,Monster Manual (SRD),11,16,16,20,14,16
lion,https://www.aidedd.org/dnd/monstres.php?vo=lion,1.000,beast,Large,12,26,,unaligned,,Monster Manual (SRD),17,15,13,3,12,8
lizard,https://www.aidedd.org/dnd/monstres.php?vo=lizard,0.000,beast,Tiny,10,2,,unaligned,,Monster Manual (SRD),2,11,10,1,8,3
lizardfolk,https://www.aidedd.org/dnd/monstres.php?vo=lizardfolk,0.500,humanoid (lizardfolk),Medium,15,22,swim,neutral,,Monster Manual (SRD),15,10,13,7,12,7
lizardfolk-shaman,https://www.aidedd.org/dnd/monstres.php?vo=lizardfolk-shaman,2.000,humanoid (lizardfolk),Medium,13,27,swim,neutral,,Monster Manual (BR),15,10,13,10,15,8
lizard-king-queen,https://www.aidedd.org/dnd/monstres.php?vo=lizard-king-queen,4.000,humanoid (lizardfolk),Medium,15,78,swim,chaotic evil,,Monster Manual (BR),17,12,15,11,11,15
mage,https://www.aidedd.org/dnd/monstres.php?vo=mage,6.000,humanoid (any race),Medium,12,40,,any alignment,,Monster Manual (SRD),9,14,11,17,12,11
magma-mephit,https://www.aidedd.org/dnd/monstres.php?vo=magma-mephit,0.500,elemental,Small,11,22,fly,neutral evil,,Monster Manual (SRD),8,12,12,7,10,10
magmin,https://www.aidedd.org/dnd/monstres.php?vo=magmin,0.500,elemental,Small,14,9,,chaotic neutral,,Monster Manual (SRD),7,15,12,8,11,10
male-steeder,,0.250,monstrosity,Medium,12,13,,unaligned,,Mordenkainen's Tome of Foes,15,12,14,2,10,3
mammoth,https://www.aidedd.org/dnd/monstres.php?vo=mammoth,6.000,beast,Huge,13,126,,unaligned,,Monster Manual (SRD),24,9,21,3,11,6
manes,,0.125,fiend (demon),Small,9,9,,chaotic evil,,Monster Manual,10,9,13,3,8,4
manshoon,,13.000,humanoid (human),Medium,19,126,,lawful evil,,Adventures (Dragon Heist),10,14,12,23,15,16
manticore,https://www.aidedd.org/dnd/monstres.php?vo=manticore,3.000,monstrosity,Large,14,68,fly,lawful evil,,Monster Manual (SRD),17,16,17,7,12,8
mantrap,,1.000,plant,Large,12,45,,unaligned,,Adventures (Tomb of Annihilation),15,14,12,1,10,2
marid,,11.000,elemental,Large,17,229,"fly, swim",chaotic neutral,,Monster Manual,22,12,26,18,17,18
marilith,https://www.aidedd.org/dnd/monstres.php?vo=marilith,16.000,fiend (demon),Large,18,189,,chaotic evil,,Monster Manual (SRD),18,20,20,18,16,20
martial-arts-adept,,3.000,humanoid (any race),Medium,16,60,,any alignment,,Volo's Guide to Monsters,11,17,13,11,16,10
marut,,25.000,construct (inevitable),Large,22,432,fly,lawful neutral,,Mordenkainen's Tome of Foes,28,12,26,19,15,18
master-of-souls,,4.000,humanoid (human),Medium,12,45,,neutral evil,,Adventures (Descent into Avernus),10,14,17,19,14,13
master-thief,,5.000,humanoid (any race),Medium,16,84,,any alignment,,Volo's Guide to Monsters,11,18,14,11,11,12
mastiff,https://www.aidedd.org/dnd/monstres.php?vo=mastiff,0.125,beast,Medium,12,5,,unaligned,,Monster Manual (SRD),13,14,12,3,12,7
maurezhi,,7.000,fiend (demon),Medium,15,88,,chaotic evil,,Mordenkainen's Tome of Foes,14,17,12,11,12,15
maw-demon,,1.000,fiend (demon),Medium,13,33,,chaotic evil,,Volo's Guide to Monsters,14,8,13,5,8,5
meazel,,1.000,humanoid (meazel),Medium,13,35,,neutral evil,,Mordenkainen's Tome of Foes,8,17,9,14,13,10
medusa,https://www.aidedd.org/dnd/monstres.php?vo=medusa,6.000,monstrosity,Medium,15,127,,lawful evil,,Monster Manual (SRD),10,15,16,12,13,15
meenlock,,2.000,fey,Small,15,31,,neutral evil,,Volo's Guide to Monsters,6,15,12,11,10,8
merfolk,https://www.aidedd.org/dnd/monstres.php?vo=merfolk,0.125,humanoid (merfolk),Medium,11,11,swim,neutral,,Monster Manual (SRD),10,13,12,11,11,12
merregon,,4.000,fiend (devil),Medium,16,45,,lawful evil,,Mordenkainen's Tome of Foes,18,14,17,6,12,8
merrenoloth,,3.000,fiend (yugoloth),Medium,13,40,swim,neutral evil,,Mordenkainen's Tome of Foes,8,17,10,17,14,11
merrow,https://www.aidedd.org/dnd/monstres.php?vo=merrow,2.000,monstrosity,Large,13,45,swim,chaotic evil,,Monster Manual (SRD),18,10,15,8,10,9
mezzoloth,https://www.aidedd.org/dnd/monstres.php?vo=mezzoloth,5.000,fiend (yugoloth),Medium,18,75,,neutral evil,,Monster Manual (BR),18,11,16,7,10,11
mimic,https://www.aidedd.org/dnd/monstres.php?vo=mimic,2.000,monstrosity (shapechanger),Medium,12,58,,neutral,,Monster Manual (SRD),17,12,15,5,13,8
mind-flayer,,7.000,aberration,Medium,15,71,,lawful evil,,Monster Manual,11,12,12,19,17,17
mindwitness,https://www.aidedd.org/dnd/monstres.php?vo=mindwitness,5.000,aberration,Large,15,75,fly,lawful evil,,Volo's Guide to Monsters,10,14,14,15,15,10
minotaur,https://www.aidedd.org/dnd/monstres.php?vo=minotaur,3.000,monstrosity,Large,14,76,,chaotic evil,,Monster Manual (SRD),18,11,16,6,16,9
minotaur-skeleton,https://www.aidedd.org/dnd/monstres.php?vo=minotaur-skeleton,2.000,undead,Large,12,67,,lawful evil,,Monster Manual (SRD),18,11,15,6,8,5
moloch,https://www.aidedd.org/dnd/monstres.php?vo=moloch,21.000,fiend (devil),Large,19,253,,lawful evil,Legendary,Mordenkainen's Tome of Foes,26,19,22,21,18,23
molydeus,,21.000,fiend (demon),Huge,19,216,,chaotic evil,,Mordenkainen's Tome of Foes,28,22,25,21,24,24
monodrone,,0.125,construct,Medium,15,5,fly,lawful neutral,,Monster Manual,10,13,12,4,10,5
morkoth,,11.000,aberration,Medium,17,130,swim,chaotic evil,,Volo's Guide to Monsters,14,14,14,20,15,13
mouth-of-grolantor,,6.000,giant (hill giant),Huge,14,105,,chaotic evil,,Volo's Guide to Monsters,21,10,18,5,7,5
mud-mephit,https://www.aidedd.org/dnd/monstres.php?vo=mud-mephit,0.250,elemental,Small,11,27,"fly, swim",neutral evil,,Monster Manual (SRD),8,12,12,9,11,7
mule,https://www.aidedd.org/dnd/monstres.php?vo=mule,0.125,beast,Medium,10,11,,unaligned,,Monster Manual (SRD),14,10,13,2,10,5
mummified-warrior,https://www.aidedd.org/dnd/monstres.php?vo=mummified-warrior,0.250,undead,Medium,8,19,,neutral,,Extra (AideDD),13,6,14,8,6,8
mummy,https://www.aidedd.org/dnd/monstres.php?vo=mummy,3.000,undead,Medium,11,58,,lawful evil,,Monster Manual (SRD),16,8,15,6,10,12
mummy-lord,https://www.aidedd.org/dnd/monstres.php?vo=mummy-lord,15.000,undead,Medium,17,97,,lawful evil,Legendary,Monster Manual (SRD),18,10,17,11,18,16
myconid-adult,,0.500,plant,Medium,12,22,,lawful neutral,,Monster Manual,10,10,12,10,13,7
myconid-sovereign,,2.000,plant,Large,13,60,,lawful neutral,,Monster Manual,12,10,14,13,15,10
myconid-sprout,,0.000,plant,Small,10,7,,lawful neutral,,Monster Manual,8,10,10,8,11,5
nabassu,,15.000,fiend (demon),Medium,18,190,fly,chaotic evil,,Mordenkainen's Tome of Foes,22,14,21,14,15,17
nagpa,,17.000,humanoid (nagpa),Medium,19,187,,neutral evil,,Mordenkainen's Tome of Foes,9,15,12,23,18,21
nalfeshnee,https://www.aidedd.org/dnd/monstres.php?vo=nalfeshnee,13.000,fiend (demon),Large,18,184,fly,chaotic evil,,Monster Manual (SRD),21,10,22,19,12,15
narzugon,https://www.aidedd.org/dnd/monstres.php?vo=narzugon,13.000,fiend (devil),Medium,20,112,,lawful evil,,Mordenkainen's Tome of Foes,20,10,17,16,14,19
necromancer,,9.000,humanoid (any race),Medium,12,66,,any alignment,,Volo's Guide to Monsters,9,14,12,17,12,11
necromite-of-myrkul,,0.500,humanoid (human),Medium,11,13,,neutral evil,,Adventures (Descent into Avernus),10,13,15,16,11,10
needle-blight,,0.250,plant,Medium,12,11,,neutral evil,,Monster Manual,12,12,13,4,8,3
neogi,,3.000,aberration,Small,15,33,,lawful evil,,Volo's Guide to Monsters,6,16,14,13,12,15
neogi-hatchling,,0.125,aberration,Tiny,11,7,,lawful evil,,Volo's Guide to Monsters,3,13,10,6,10,9
neogi-master,,4.000,aberration,Medium,15,71,,lawful evil,,Volo's Guide to Monsters,6,16,14,16,12,18
neothelid,,13.000,aberration,Gargantuan,16,325,,chaotic evil,,Volo's Guide to Monsters,27,7,21,3,16,12
night-blade,,0.250,humanoid (human),Medium,12,11,,chaotic evil,,Adventures (Descent into Avernus),11,15,12,10,11,14
night-hag,https://www.aidedd.org/dnd/monstres.php?vo=night-hag,5.000,fiend,Medium,17,112,,neutral evil,,Monster Manual (SRD),18,15,16,16,14,16
nightmare,https://www.aidedd.org/dnd/monstres.php?vo=nightmare,3.000,fiend,Large,13,68,fly,neutral evil,,Monster Manual (SRD),18,15,16,10,13,15
nightwalker,,20.000,undead,Huge,14,297,fly,chaotic evil,,Mordenkainen's Tome of Foes,22,19,24,6,9,8
nilbog,https://www.aidedd.org/dnd/monstres.php?vo=nilbog,1.000,humanoid (goblinoid),Small,13,7,,chaotic evil,,Volo's Guide to Monsters,8,14,10,10,8,15
noble,https://www.aidedd.org/dnd/monstres.php?vo=noble,0.125,humanoid (any race),Medium,15,9,,any alignment,,Monster Manual (SRD),11,12,11,12,14,16
nothic,https://www.aidedd.org/dnd/monstres.php?vo=nothic,2.000,aberration,Medium,15,45,,neutral evil,,Monster Manual,14,16,16,13,10,8
nupperibo,,0.500,fiend (devil),Medium,13,11,,lawful evil,,Mordenkainen's Tome of Foes,16,11,13,3,8,1
nycaloth,https://www.aidedd.org/dnd/monstres.php?vo=nycaloth,9.000,fiend (yugoloth),Large,18,123,fly,neutral evil,,Monster Manual (BR),20,11,19,12,10,15
oblex-spawn,,0.250,ooze,Tiny,13,18,,lawful evil,,Mordenkainen's Tome of Foes,8,16,15,14,11,10
ochre-jelly,https://www.aidedd.org/dnd/monstres.php?vo=ochre-jelly,2.000,ooze,Large,8,45,,unaligned,,Monster Manual (SRD),15,6,14,2,6,1
octopus,https://www.aidedd.org/dnd/monstres.php?vo=octopus,0.000,beast,Small,12,3,swim,unaligned,,Monster Manual (SRD),4,15,11,3,10,4
ogre,https://www.aidedd.org/dnd/monstres.php?vo=ogre,2.000,giant,Large,11,59,,chaotic evil,,Monster Manual (SRD),19,8,16,5,7,7
ogre-battering-ram,,4.000,giant,Large,14,59,,chaotic evil,,Mordenkainen's Tome of Foes,19,8,16,5,7,7
ogre-bolt-launcher,,2.000,giant,Large,13,59,,chaotic evil,,Mordenkainen's Tome of Foes,19,12,16,5,7,7
ogre-chain-brute,,3.000,giant,Large,11,59,,chaotic evil,,Mordenkainen's Tome of Foes,19,8,16,5,7,7
ogre-howdah,,2.000,giant,Large,13,59,,chaotic evil,,Mordenkainen's Tome of Foes,19,8,16,5,7,7
ogremoch,,20.000,elemental,Gargantuan,20,526,,neutral evil,,Adventures (Princes of the Apocalypse),26,11,28,11,15,22
ogre-zombie,https://www.aidedd.org/dnd/monstres.php?vo=ogre-zombie,2.000,undead,Large,8,85,,neutral evil,,Monster Manual (SRD),19,6,18,3,6,5
oinoloth,,12.000,fiend (yugoloth),Medium,17,126,,neutral evil,,Mordenkainen's Tome of Foes,19,17,18,17,16,19
olhydra,,18.000,elemental,Huge,18,324,swim,neutral evil,,Adventures (Princes of the Apocalypse),21,22,24,17,18,23
oni,https://www.aidedd.org/dnd/monstres.php?vo=oni,7.000,giant,Large,16,110,fly,lawful evil,,Monster Manual (SRD),19,11,16,14,12,15
orc,https://www.aidedd.org/dnd/monstres.php?vo=orc,0.500,humanoid (orc),Medium,13,15,,chaotic evil,,Monster Manual (SRD),16,12,16,7,11,10
orc-blade-of-ilneval,,4.000,humanoid (orc),Medium,18,60,,chaotic evil,,Volo's Guide to Monsters,17,11,17,10,12,14
orc-claw-of-luthic,,2.000,humanoid (orc),Medium,14,45,,chaotic evil,,Volo's Guide to Monsters,14,15,16,10,15,11
orc-eye-of-gruumsh,https://www.aidedd.org/dnd/monstres.php?vo=orc-eye-of-gruumsh,2.000,humanoid (orc),Medium,16,45,,chaotic evil,,Monster Manual (BR),16,12,16,9,13,12
orc-hand-of-yurtrus,,2.000,humanoid (orc),Medium,12,30,,chaotic evil,,Volo's Guide to Monsters,12,11,16,11,14,9
orc-red-fang-of-shargaas,,3.000,humanoid (orc),Medium,15,52,,chaotic evil,,Volo's Guide to Monsters,11,16,15,9,11,9
orcus,https://www.aidedd.org/dnd/monstres.php?vo=orcus,26.000,fiend (demon),Huge,17,405,fly,chaotic evil,Legendary,Mordenkainen's Tome of Foes,27,14,25,20,20,25
orc-war-chief,,4.000,humanoid (orc),Medium,16,93,,chaotic evil,,Monster Manual,18,12,18,11,11,16
orog,https://www.aidedd.org/dnd/monstres.php?vo=orog,2.000,humanoid (orc),Medium,18,42,,chaotic evil,,Monster Manual (BR),18,12,18,12,11,12
orthon,,10.000,fiend (devil),Large,17,105,,lawful evil,,Mordenkainen's Tome of Foes,22,16,21,15,15,16
otyugh,https://www.aidedd.org/dnd/monstres.php?vo=otyugh,5.000,aberration,Large,14,114,,neutral,,Monster Manual (SRD),16,11,19,6,13,6
owl,https://www.aidedd.org/dnd/monstres.php?vo=owl,0.000,beast,Tiny,11,1,fly,unaligned,,Monster Manual (SRD),3,13,8,2,12,7
owlbear,https://www.aidedd.org/dnd/monstres.php?vo=owlbear,3.000,monstrosity,Large,13,59,,unaligned,,Monster Manual (SRD),20,12,17,3,12,7
panther,https://www.aidedd.org/dnd/monstres.php?vo=panther,0.250,beast,Medium,12,13,,unaligned,,Monster Manual (SRD),14,15,10,3,14,7
pegasus,https://www.aidedd.org/dnd/monstres.php?vo=pegasus,2.000,celestial,Large,12,59,fly,chaotic good,,Monster Manual (SRD),18,15,16,10,15,13
pentadrone,,2.000,construct,Large,16,32,,lawful neutral,,Monster Manual,15,14,12,10,10,13
peryton,https://www.aidedd.org/dnd/monstres.php?vo=peryton,2.000,monstrosity,Medium,13,33,fly,chaotic evil,,Monster Manual (BR),16,12,13,9,12,10
phase-spider,https://www.aidedd.org/dnd/monstres.php?vo=phase-spider,3.000,monstrosity,Large,13,32,,unaligned,,Monster Manual (SRD),15,15,12,6,10,6
phoenix,,16.000,elemental,Gargantuan,18,175,fly,neutral,,Mordenkainen's Tome of Foes,19,26,25,2,21,18
piercer,https://www.aidedd.org/dnd/monstres.php?vo=piercer,0.500,monstrosity,Medium,15,22,,unaligned,,Monster Manual (BR),10,13,16,1,7,3
pit-fiend,https://www.aidedd.org/dnd/monstres.php?vo=pit-fiend,20.000,fiend (devil),Large,19,300,fly,lawful evil,,Monster Manual (SRD),26,14,24,22,18,24
pixie,,0.250,fey,Tiny,15,1,fly,neutral good,,Monster Manual,2,20,8,10,14,15
planetar,https://www.aidedd.org/dnd/monstres.php?vo=planetar,16.000,celestial,Large,19,200,fly,lawful good,,Monster Manual (SRD),24,20,24,19,22,25
plesiosaurus,https://www.aidedd.org/dnd/monstres.php?vo=plesiosaurus,2.000,beast,Large,13,68,swim,unaligned,,Monster Manual (SRD),18,15,16,2,12,5
poisonous-snake,https://www.aidedd.org/dnd/monstres.php?vo=poisonous-snake,0.125,beast,Tiny,13,2,swim,unaligned,,Monster Manual (SRD),2,16,11,1,10,3
polar-bear,https://www.aidedd.org/dnd/monstres.php?vo=polar-bear,2.000,beast,Large,12,42,swim,unaligned,,Monster Manual (SRD),20,10,16,2,13,7
pony,https://www.aidedd.org/dnd/monstres.php?vo=pony,0.125,beast,Medium,10,11,,unaligned,,Monster Manual (SRD),15,10,13,2,11,7
priest,https://www.aidedd.org/dnd/monstres.php?vo=priest,2.000,humanoid (any race),Medium,13,27,,any alignment,,Monster Manual (SRD),10,10,12,13,16,13
pseudodragon,https://www.aidedd.org/dnd/monstres.php?vo=pseudodragon,0.250,dragon,Tiny,13,7,fly,neutral good,,Monster Manual (SRD),6,15,13,10,12,10
pterafolk,,1.000,monstrosity,Large,12,26,fly,neutral evil,,Adventures (Tomb of Annihilation),15,13,12,9,10,11
pteranodon,https://www.aidedd.org/dnd/monstres.php?vo=pteranodon,0.250,beast,Medium,13,13,fly,unaligned,,Monster Manual (SRD),12,15,10,2,9,5
purple-worm,https://www.aidedd.org/dnd/monstres.php?vo=purple-worm,15.000,monstrosity,Gargantuan,18,247,,unaligned,,Monster Manual (SRD),28,7,22,1,8,4
purple-wormling,,2.000,monstrosity,Large,12,42,,unaligned,,Adventures (Storm King's Thunder),16,7,16,1,6,2
quadrone,,1.000,construct,Medium,16,22,fly,lawful neutral,,Monster Manual,12,14,12,10,10,11
quaggoth,,2.000,humanoid (quaggoth),Medium,13,45,,chaotic neutral,,Monster Manual,17,12,16,6,12,7
quaggoth-spore-servant,,1.000,plant,Medium,13,45,,unaligned,,Monster Manual,17,12,16,2,6,1
quasit,https://www.aidedd.org/dnd/monstres.php?vo=quasit,1.000,"fiend (demon, shapechanger)",Tiny,13,7,,chaotic evil,,Monster Manual (SRD),5,17,10,7,10,10
quetzalcoatlus,https://www.aidedd.org/dnd/monstres.php?vo=quetzalcoatlus,2.000,beast,Huge,13,30,fly,unaligned,,Volo's Guide to Monsters,15,13,13,2,10,5
quickling,,1.000,fey,Tiny,16,10,,chaotic evil,,Volo's Guide to Monsters,4,23,13,10,12,7
quipper,https://www.aidedd.org/dnd/monstres.php?vo=quipper,0.000,beast,Tiny,13,1,swim,unaligned,,Monster Manual (SRD),2,16,9,1,7,2
rakshasa,https://www.aidedd.org/dnd/monstres.php?vo=rakshasa,13.000,fiend,Medium,16,110,,lawful evil,,Monster Manual (SRD),14,17,18,13,16,20
rat,https://www.aidedd.org/dnd/monstres.php?vo=rat,0.000,beast,Tiny,10,1,,unaligned,,Monster Manual (SRD),2,11,9,2,10,4
raven,https://www.aidedd.org/dnd/monstres.php?vo=raven,0.000,beast,Tiny,12,1,fly,unaligned,,Monster Manual (SRD),2,14,8,2,12,6
reaper-of-bhaal,,2.000,humanoid (human),Medium,15,27,,chaotic evil,,Adventures (Descent into Avernus),11,20,13,15,12,16
red-abishai,,19.000,fiend (devil),Medium,22,255,fly,lawful evil,,Mordenkainen's Tome of Foes,23,16,19,14,15,19
redcap,,3.000,fey,Small,13,45,,chaotic evil,,Volo's Guide to Monsters,18,13,18,10,12,9
red-dragon-wyrmling,https://www.aidedd.org/dnd/monstres.php?vo=red-dragon-wyrmling,4.000,dragon,Medium,17,75,fly,chaotic evil,,Monster Manual (SRD),19,10,17,12,11,15
red-slaad,,5.000,aberration,Large,14,93,,chaotic neutral,,Monster Manual,16,12,16,6,6,7
reef-manta-ray,https://www.aidedd.org/dnd/monstres.php?vo=reef-manta-ray,0.500,beast,Large,12,16,swim,unaligned,,Extra (AideDD),13,12,12,1,12,4
reef-shark,https://www.aidedd.org/dnd/monstres.php?vo=reef-shark,0.500,beast,Medium,12,22,swim,unaligned,,Monster Manual (SRD),14,13,13,1,10,4
remorhaz,https://www.aidedd.org/dnd/monstres.php?vo=remorhaz,11.000,monstrosity,Huge,17,195,,unaligned,,Monster Manual (SRD),24,13,21,4,10,5
retriever,,14.000,construct,Large,19,210,,lawful evil,,Mordenkainen's Tome of Foes,22,16,20,3,11,4
revenant,https://www.aidedd.org/dnd/monstres.php?vo=revenant,5.000,undead,Medium,13,136,,neutral,,Monster Manual (BR),18,14,18,13,16,18
rhinoceros,https://www.aidedd.org/dnd/monstres.php?vo=rhinoceros,2.000,beast,Large,11,45,,unaligned,,Monster Manual (SRD),21,8,15,2,12,6
riding-horse,https://www.aidedd.org/dnd/monstres.php?vo=riding-horse,0.250,beast,Large,10,13,,unaligned,,Monster Manual (SRD),16,10,12,2,11,7
roc,https://www.aidedd.org/dnd/monstres.php?vo=roc,11.000,monstrosity,Gargantuan,15,248,fly,unaligned,,Monster Manual (SRD),28,10,20,3,10,9
roper,https://www.aidedd.org/dnd/monstres.php?vo=roper,5.000,monstrosity,Large,20,93,,neutral evil,,Monster Manual (SRD),18,8,17,7,16,6
rot-troll,,9.000,giant,Large,16,138,,chaotic evil,,Mordenkainen's Tome of Foes,18,13,22,5,8,4
rug-of-smothering,https://www.aidedd.org/dnd/monstres.php?vo=rug-of-smothering,2.000,construct,Large,12,33,,unaligned,,Monster Manual (SRD),17,14,10,1,3,1
rust-monster,https://www.aidedd.org/dnd/monstres.php?vo=rust-monster,0.500,monstrosity,Medium,14,27,,unaligned,,Monster Manual (SRD),13,12,13,2,13,6
rutterkin,,2.000,fiend (demon),Medium,12,37,,chaotic evil,,Mordenkainen's Tome of Foes,14,15,17,5,12,6
saber-toothed-tiger,https://www.aidedd.org/dnd/monstres.php?vo=saber-toothed-tiger,2.000,beast,Large,12,52,,unaligned,,Monster Manual (SRD),18,14,15,3,12,8
sahuagin,https://www.aidedd.org/dnd/monstres.php?vo=sahuagin,0.500,humanoid (sahuagin),Medium,12,22,swim,lawful evil,,Monster Manual (SRD),13,11,12,12,13,9
sahuagin-baron,,5.000,humanoid (sahuagin),Large,16,76,swim,lawful evil,,Monster Manual,19,15,16,14,13,17
sahuagin-priestess,,2.000,humanoid (sahuagin),Medium,12,33,swim,lawful evil,,Monster Manual,13,11,12,12,14,13
salamander,https://www.aidedd.org/dnd/monstres.php?vo=salamander,5.000,elemental,Large,15,90,,neutral evil,,Monster Manual (SRD),18,14,15,11,10,12
satyr,https://www.aidedd.org/dnd/monstres.php?vo=satyr,0.500,fey,Medium,14,31,,chaotic neutral,,Monster Manual (SRD),12,16,11,12,10,14
scarecrow,,1.000,construct,Medium,11,36,,chaotic evil,,Monster Manual,11,13,11,10,10,13
scorpion,https://www.aidedd.org/dnd/monstres.php?vo=scorpion,0.000,beast,Tiny,11,1,,unaligned,,Monster Manual (SRD),2,11,8,1,8,2
scout,https://www.aidedd.org/dnd/monstres.php?vo=scout,0.500,humanoid (any race),Medium,13,16,,any alignment,,Monster Manual (SRD),11,14,12,11,13,11
sea-hag,https://www.aidedd.org/dnd/monstres.php?vo=sea-hag,2.000,fey,Medium,14,52,swim,chaotic evil,,Monster Manual (SRD),16,13,16,12,12,13
sea-horse,https://www.aidedd.org/dnd/monstres.php?vo=sea-horse,0.000,beast,Tiny,11,1,swim,unaligned,,Monster Manual (SRD),1,12,8,1,10,2
sea-spawn,,1.000,humanoid,Medium,11,32,swim,neutral evil,,Volo's Guide to Monsters,15,8,15,6,10,8
shadow,https://www.aidedd.org/dnd/monstres.php?vo=shadow,0.500,undead,Medium,12,16,,chaotic evil,,Monster Manual (SRD),6,14,13,6,10,8
shadow-dancer,,7.000,humanoid (elf),Medium,15,71,,neutral,,Mordenkainen's Tome of Foes,12,16,13,11,12,12
shadow-demon,https://www.aidedd.org/dnd/monstres.php?vo=shadow-demon,4.000,fiend (demon),Medium,13,66,fly,chaotic evil,,Monster Manual (BR),1,17,12,14,13,14
shadow-mastiff,,2.000,monstrosity,Medium,12,33,,neutral evil,,Volo's Guide to Monsters,16,14,13,5,12,5
shambling-mound,https://www.aidedd.org/dnd/monstres.php?vo=shambling-mound,5.000,plant,Large,15,136,swim,unaligned,,Monster Manual (SRD),18,8,16,5,10,5
shield-guardian,https://www.aidedd.org/dnd/monstres.php?vo=shield-guardian,7.000,construct,Large,17,142,,unaligned,,Monster Manual (SRD),18,8,18,7,10,3
shoosuva,,8.000,fiend (demon),Large,14,110,,chaotic evil,,Volo's Guide to Monsters,18,13,17,7,14,9
shrieker,https://www.aidedd.org/dnd/monstres.php?vo=shrieker,0.000,plant,Medium,5,13,,unaligned,,Monster Manual (SRD),1,1,10,1,3,1
sibriex,https://www.aidedd.org/dnd/monstres.php?vo=sibriex,18.000,fiend (demon),Huge,19,150,fly,chaotic evil,Legendary,Mordenkainen's Tome of Foes,10,3,23,25,24,25
silver-dragon-wyrmling,https://www.aidedd.org/dnd/monstres.php?vo=silver-dragon-wyrmling,2.000,dragon,Medium,17,45,fly,lawful good,,Monster Manual (SRD),19,10,17,12,11,15
skeleton,https://www.aidedd.org/dnd/monstres.php?vo=skeleton,0.250,undead,Medium,13,13,,lawful evil,,Monster Manual (SRD),10,14,15,6,8,5
skulk,,0.500,humanoid,Medium,14,18,,chaotic neutral,,Mordenkainen's Tome of Foes,6,19,10,10,7,1
skull-lasher-of-myrkul,,1.000,humanoid (human),Medium,12,32,,neutral evil,,Adventures (Descent into Avernus),10,14,15,16,13,10
skull-lord,,15.000,undead,Medium,18,105,,lawful evil,,Mordenkainen's Tome of Foes,14,16,17,16,15,21
slaad-tadpole,,0.125,aberration,Tiny,12,10,,chaotic neutral,,Monster Manual,7,15,10,3,5,3
slithering-tracker,https://www.aidedd.org/dnd/monstres.php?vo=slithering-tracker,3.000,ooze,Medium,14,32,swim,chaotic evil,,Volo's Guide to Monsters,16,19,15,10,14,11
smoke-mephit,https://www.aidedd.org/dnd/monstres.php?vo=smoke-mephit,0.250,elemental,Small,12,22,fly,neutral evil,,Monster Manual (SRD),6,14,12,10,10,11
solar,https://www.aidedd.org/dnd/monstres.php?vo=solar,21.000,celestial,Large,21,243,fly,lawful good,Legendary,Monster Manual (SRD),26,22,26,25,25,30
soul-monger,,11.000,humanoid (elf),Medium,15,123,,neutral,,Mordenkainen's Tome of Foes,8,17,14,19,15,13
spawn-of-kyuss,,5.000,undead,Medium,10,76,,chaotic evil,,Volo's Guide to Monsters,16,11,18,5,7,3
spectator,https://www.aidedd.org/dnd/monstres.php?vo=spectator,3.000,aberration,Medium,14,39,fly,lawful neutral,,Monster Manual,8,14,14,13,14,11
spider,https://www.aidedd.org/dnd/monstres.php?vo=spider,0.000,beast,Tiny,12,1,,unaligned,,Monster Manual (SRD),2,14,8,1,10,2
spined-devil,,2.000,fiend (devil),Small,13,22,fly,lawful evil,,Monster Manual,10,15,12,11,14,8
spirit-naga,https://www.aidedd.org/dnd/monstres.php?vo=spirit-naga,8.000,monstrosity,Large,15,75,,chaotic evil,,Monster Manual (SRD),18,17,14,16,15,16
spirit-troll,,11.000,giant,Large,17,97,,chaotic evil,,Mordenkainen's Tome of Foes,1,17,13,8,9,16
spring-eladrin,,10.000,fey (elf),Medium,19,127,,chaotic neutral,,Mordenkainen's Tome of Foes,14,16,16,18,11,18
sprite,https://www.aidedd.org/dnd/monstres.php?vo=sprite,0.250,fey,Tiny,15,2,fly,neutral good,,Monster Manual (SRD),3,18,10,14,13,11
spy,https://www.aidedd.org/dnd/monstres.php?vo=spy,1.000,humanoid (any race),Medium,12,27,,any alignment,,Monster Manual (SRD),10,15,10,12,14,16
star-spawn-grue,,0.250,aberration,Small,11,17,,neutral evil,,Mordenkainen's Tome of Foes,6,13,10,9,11,6
star-spawn-hulk,,10.000,aberration,Large,16,136,,chaotic evil,,Mordenkainen's Tome of Foes,20,8,21,7,12,9
star-spawn-larva-mage,,16.000,aberration,Medium,16,168,,chaotic evil,,Mordenkainen's Tome of Foes,17,12,23,18,12,16
star-spawn-mangler,,5.000,aberration,Medium,14,71,,chaotic evil,,Mordenkainen's Tome of Foes,8,18,12,11,12,7
star-spawn-seer,,13.000,aberration,Medium,17,153,,neutral evil,,Mordenkainen's Tome of Foes,14,12,18,22,19,16
steam-mephit,https://www.aidedd.org/dnd/monstres.php?vo=steam-mephit,0.250,elemental,Small,10,21,fly,neutral evil,,Monster Manual (SRD),5,11,10,11,10,12
steel-predator,,16.000,construct,Large,20,207,,lawful evil,,Mordenkainen's Tome of Foes,24,17,22,4,14,6
stegosaurus,,4.000,beast,Huge,13,76,,unaligned,,Adventures (Tomb of Annihilation),20,9,17,2,11,5
stirge,https://www.aidedd.org/dnd/monstres.php?vo=stirge,0.125,beast,Tiny,14,2,fly,unaligned,,Monster Manual (SRD),4,16,11,2,8,6
stone-cursed,,1.000,construct,Medium,17,19,,lawful evil,,Mordenkainen's Tome of Foes,16,5,14,5,8,7
stone-giant,https://www.aidedd.org/dnd/monstres.php?vo=stone-giant,7.000,giant,Huge,17,126,,neutral,,Monster Manual (SRD),23,15,20,10,12,9
stone-giant-dreamwalker,https://www.aidedd.org/dnd/monstres.php?vo=stone-giant-dreamwalker,10.000,giant (stone giant),Huge,18,161,,chaotic neutral,,Volo's Guide to Monsters,23,14,21,10,8,12
stone-golem,https://www.aidedd.org/dnd/monstres.php?vo=stone-golem,10.000,construct,Large,17,178,,unaligned,,Monster Manual (SRD),22,9,20,3,11,1
stone-juggernaut,,12.000,construct,Large,15,157,,unaligned,,Adventures (Tomb of Annihilation),16,12,15,14,14,16
storm-giant,https://www.aidedd.org/dnd/monstres.php?vo=storm-giant,13.000,giant,Huge,16,230,swim,chaotic good,,Monster Manual (SRD),29,14,20,16,18,18
storm-giant-quintessent,,16.000,giant (storm giant),Huge,12,230,"fly, swim",chaotic good,,Volo's Guide to Monsters,29,14,20,17,20,19
strahd-von-zarovich,,15.000,undead (shapechanger),Medium,16,144,,lawful evil,,Adventures (Curse of Strahd),18,18,18,20,15,18
succubus,https://www.aidedd.org/dnd/monstres.php?vo=succubus,4.000,fiend (shapechanger),Medium,15,66,fly,neutral evil,,Monster Manual (SRD),8,17,13,15,12,20
summer-eladrin,,10.000,fey (elf),Medium,19,127,,chaotic neutral,,Mordenkainen's Tome of Foes,19,21,16,14,12,18
su-monster,,1.000,monstrosity,Medium,12,27,,chaotic evil,,Adventures (Tomb of Annihilation),14,15,12,9,13,9
swarm-of-bats,https://www.aidedd.org/dnd/monstres.php?vo=swarm-of-bats,0.250,swarm of Tiny beasts,Medium,12,22,fly,unaligned,,Monster Manual (SRD),5,15,10,2,12,4
swarm-of-cranium-rats,,5.000,swarm of Tiny beasts,Medium,12,36,,lawful evil,,Volo's Guide to Monsters,9,14,10,15,11,14
swarm-of-insects,https://www.aidedd.org/dnd/monstres.php?vo=swarm-of-insects,0.500,swarm of Tiny beasts,Medium,12,22,,unaligned,,Monster Manual (SRD),3,13,10,1,7,1
swarm-of-poisonous-snakes,https://www.aidedd.org/dnd/monstres.php?vo=swarm-of-poisonous-snakes,2.000,swarm of Tiny beasts,Medium,14,36,swim,unaligned,,Monster Manual (SRD),8,18,11,1,10,3
swarm-of-quippers,https://www.aidedd.org/dnd/monstres.php?vo=swarm-of-quippers,1.000,swarm of Tiny beasts,Medium,13,28,swim,unaligned,,Monster Manual (SRD),13,16,9,1,7,2
swarm-of-rats,https://www.aidedd.org/dnd/monstres.php?vo=swarm-of-rats,0.250,swarm of Tiny beasts,Medium,10,24,,unaligned,,Monster Manual (SRD),9,11,9,2,10,3
swarm-of-ravens,https://www.aidedd.org/dnd/monstres.php?vo=swarm-of-ravens,0.250,swarm of Tiny beasts,Medium,12,24,fly,unaligned,,Monster Manual (SRD),6,14,8,3,12,6
swarm-of-rot-grubs,https://www.aidedd.org/dnd/monstres.php?vo=swarm-of-rot-grubs,0.500,swarm of Tiny beasts,Medium,8,22,,unaligned,,Volo's Guide to Monsters,2,7,10,1,2,1
swashbuckler,,3.000,humanoid (any race),Medium,17,66,,any non-lawful alignment,,Volo's Guide to Monsters,12,18,12,14,11,15
sword-wraith-commander,,8.000,undead,Medium,18,127,,lawful evil,,Mordenkainen's Tome of Foes,18,14,18,11,12,14
sword-wraith-warrior,,3.000,undead,Medium,16,45,,lawful evil,,Mordenkainen's Tome of Foes,18,12,17,6,9,10
tabaxi-hunter,,1.000,humanoid (tabaxi),Medium,14,40,,chaotic good,,Adventures (Tomb of Annihilation),10,17,11,13,14,15
tabaxi-minstrel,,0.250,humanoid (tabaxi),Medium,12,22,,chaotic good,,Adventures (Tomb of Annihilation),10,15,11,14,12,16
tanarukk,https://www.aidedd.org/dnd/monstres.php?vo=tanarukk,5.000,"fiend (demon, orc)",Medium,14,95,,chaotic evil,,Volo's Guide to Monsters,18,13,20,9,9,9
tarrasque,https://www.aidedd.org/dnd/monstres.php?vo=tarrasque,30.000,monstrosity (titan),Gargantuan,25,676,,unaligned,Legendary,Monster Manual (SRD),30,11,30,3,11,11
the-angry,,13.000,monstrosity,Medium,18,255,,neutral evil,,Mordenkainen's Tome of Foes,17,10,19,8,13,6
the-hungry,,11.000,monstrosity,Medium,17,225,,neutral evil,,Mordenkainen's Tome of Foes,19,10,17,6,11,6
the-lonely,,9.000,monstrosity,Medium,16,112,,neutral evil,,Mordenkainen's Tome of Foes,16,12,17,6,11,6
the-lost,,7.000,monstrosity,Medium,15,78,,neutral evil,,Mordenkainen's Tome of Foes,17,12,15,6,7,5
the-wretched,,0.250,monstrosity,Small,15,10,,neutral evil,,Mordenkainen's Tome of Foes,7,12,9,5,6,5
thorny,,1.000,plant,Medium,14,27,,neutral,,Volo's Guide to Monsters,13,12,13,2,10,6
thri-kreen,,1.000,humanoid (thri-kreen),Medium,15,33,,chaotic neutral,,Monster Manual,12,15,13,8,12,7
thug,https://www.aidedd.org/dnd/monstres.php?vo=thug,0.500,humanoid (any race),Medium,11,32,,any non-good alignment,,Monster Manual (SRD),15,11,14,10,10,11
tiamat,,30.000,fiend,Gargantuan,25,615,fly,chaotic evil,,Adventures (Tyranny of Dragons),30,10,30,26,26,28
tiger,https://www.aidedd.org/dnd/monstres.php?vo=tiger,1.000,beast,Large,12,37,,unaligned,,Monster Manual (SRD),17,15,14,3,12,8
titivilus,,16.000,fiend (devil),Medium,20,127,fly,lawful evil,,Mordenkainen's Tome of Foes,19,22,17,24,22,26
tlincalli,,5.000,monstrosity,Large,15,85,,neutral evil,,Volo's Guide to Monsters,16,13,16,8,12,8
tortle,,0.250,humanoid (tortle),Medium,17,22,,lawful good,,Mordenkainen's Tome of Foes,15,10,12,11,13,12
tortle-druid,,2.000,humanoid (tortle),Medium,17,33,,lawful neutral,,Mordenkainen's Tome of Foes,14,10,12,11,15,12
transmuter,,5.000,humanoid (any race),Medium,12,40,,any alignment,,Volo's Guide to Monsters,9,14,11,17,12,11
trapper,,3.000,monstrosity,Large,13,85,,unaligned,,Volo's Guide to Monsters,17,10,17,2,13,4
treant,https://www.aidedd.org/dnd/monstres.php?vo=treant,9.000,plant,Huge,16,138,,chaotic good,,Monster Manual (SRD),23,8,21,12,16,12
tribal-warrior,https://www.aidedd.org/dnd/monstres.php?vo=tribal-warrior,0.125,humanoid (any race),Medium,12,11,,any alignment,,Monster Manual (SRD),13,11,12,8,11,8
triceratops,https://www.aidedd.org/dnd/monstres.php?vo=triceratops,5.000,beast,Huge,13,95,,unaligned,,Monster Manual (SRD),22,9,17,2,11,5
tridrone,,0.500,construct,Medium,15,16,,lawful neutral,,Monster Manual,12,13,12,9,10,9
tri-flower-frond,,0.500,plant,Medium,10,11,,unaligned,,Adventures (Tomb of Annihilation),14,15,12,9,13,9
troglodyte,https://www.aidedd.org/dnd/monstres.php?vo=troglodyte,0.250,humanoid (troglodyte),Medium,11,13,,chaotic evil,,Monster Manual (BR),14,10,14,6,10,6
troll,https://www.aidedd.org/dnd/monstres.php?vo=troll,5.000,giant,Large,15,84,,chaotic evil,,Monster Manual (SRD),18,13,20,7,9,7
twig-blight,https://www.aidedd.org/dnd/monstres.php?vo=twig-blight,0.125,plant,Small,13,4,,neutral evil,,Monster Manual (SRD),6,13,12,4,8,3
tyrannosaurus-rex,https://www.aidedd.org/dnd/monstres.php?vo=tyrannosaurus-rex,8.000,beast,Huge,13,136,,unaligned,,Monster Manual (SRD),25,10,19,2,12,9
ulitharid,,9.000,aberration,Large,15,127,,lawful evil,,Volo's Guide to Monsters,15,12,15,21,19,21
ultroloth,,13.000,fiend (yugoloth),Medium,19,153,fly,neutral evil,,Monster Manual,16,16,18,18,15,19
umber-hulk,https://www.aidedd.org/dnd/monstres.php?vo=umber-hulk,5.000,monstrosity,Large,18,93,,chaotic evil,,Monster Manual (BR),20,13,16,9,10,10
unicorn,https://www.aidedd.org/dnd/monstres.php?vo=unicorn,5.000,celestial,Large,12,67,,lawful good,Legendary,Monster Manual (SRD),18,14,15,11,17,16
uthgardt-shaman,,2.000,humanoid (human),Medium,13,38,,neutral evil,,Adventures (Storm King's Thunder),14,12,13,10,15,12
vajra-safahr,,13.000,humanoid (human),Medium,14,126,,lawful neutral,,Adventures (Dragon Heist),10,14,12,20,11,16
vampire,https://www.aidedd.org/dnd/monstres.php?vo=vampire,13.000,undead (shapechanger),Medium,16,144,,lawful evil,Legendary,Monster Manual (SRD),18,18,18,17,15,18
vampire-spawn,https://www.aidedd.org/dnd/monstres.php?vo=vampire-spawn,5.000,undead,Medium,15,82,,neutral evil,,Monster Manual (SRD),16,16,16,11,10,12
vampiric-mist,,3.000,undead,Medium,13,30,fly,chaotic evil,,Mordenkainen's Tome of Foes,6,16,16,6,12,7
vargouille,,1.000,fiend,Tiny,12,13,fly,chaotic evil,,Volo's Guide to Monsters,6,14,14,4,7,2
vegepygmy,,0.250,plant,Small,13,9,,neutral,,Volo's Guide to Monsters,7,14,13,6,11,7
vegepygmy-chief,,2.000,plant,Small,14,33,,neutral,,Volo's Guide to Monsters,14,14,14,7,12,9
velociraptor,,0.250,beast,Tiny,13,10,,unaligned,,Volo's Guide to Monsters,6,14,13,4,12,6
venerable-shadow,https://www.aidedd.org/dnd/monstres.php?vo=venerable-shadow,2.000,undead,Medium,13,27,,chaotic evil,,Extra (AideDD),6,16,13,6,12,10
venom-troll,,7.000,giant,Large,15,94,,chaotic evil,,Mordenkainen's Tome of Foes,18,13,20,7,9,7
veteran,https://www.aidedd.org/dnd/monstres.php?vo=veteran,3.000,humanoid (any race),Medium,17,58,,any alignment,,Monster Manual (SRD),16,13,14,10,11,10
vine-blight,,0.500,plant,Medium,12,26,,neutral evil,,Monster Manual,15,8,14,5,10,3
violet-fungus,https://www.aidedd.org/dnd/monstres.php?vo=violet-fungus,0.250,plant,Medium,5,18,,unaligned,,Monster Manual (SRD),3,1,10,1,3,1
vrock,https://www.aidedd.org/dnd/monstres.php?vo=vrock,6.000,fiend (demon),Large,15,104,fly,chaotic evil,,Monster Manual (SRD),17,15,18,8,13,8
vulture,https://www.aidedd.org/dnd/monstres.php?vo=vulture,0.000,beast,Medium,10,5,fly,unaligned,,Monster Manual (SRD),7,10,13,2,12,4
warhorse,https://www.aidedd.org/dnd/monstres.php?vo=warhorse,0.500,beast,Large,11,19,,unaligned,,Monster Manual (SRD),18,12,13,2,12,7
warhorse-skeleton,https://www.aidedd.org/dnd/monstres.php?vo=warhorse-skeleton,0.500,undead,Large,13,22,,lawful evil,,Monster Manual (SRD),18,12,15,2,8,5
warlock-of-the-archfey,,4.000,humanoid (any race),Medium,11,49,,any alignment,,Volo's Guide to Monsters,9,13,11,11,12,18
warlock-of-the-fiend,,7.000,humanoid (any race),Medium,12,78,,any alignment,,Volo's Guide to Monsters,10,14,15,12,12,18
warlock-of-the-great-old-one,,6.000,humanoid (any race),Medium,12,91,,any alignment,,Volo's Guide to Monsters,9,14,15,12,12,18
warlord,,12.000,humanoid (any race),Medium,18,229,,any alignment,Legendary,Volo's Guide to Monsters,20,16,18,12,12,18
war-priest,,9.000,humanoid (any race),Medium,18,117,,any alignment,,Volo's Guide to Monsters,16,10,14,11,17,13
wastrilith,,13.000,fiend (demon),Large,18,157,swim,chaotic evil,,Mordenkainen's Tome of Foes,19,18,21,19,12,14
water-elemental,https://www.aidedd.org/dnd/monstres.php?vo=water-elemental,5.000,elemental,Large,14,114,swim,neutral,,Monster Manual (SRD),18,14,18,5,10,8
water-elemental-myrmidon,,7.000,elemental,Medium,18,127,swim,neutral,,Mordenkainen's Tome of Foes,18,14,15,8,10,10
water-weird,https://www.aidedd.org/dnd/monstres.php?vo=water-weird,3.000,elemental,Large,13,58,swim,neutral,,Monster Manual (BR),17,16,13,11,10,10
weasel,https://www.aidedd.org/dnd/monstres.php?vo=weasel,0.000,beast,Tiny,13,1,,unaligned,,Monster Manual (SRD),3,16,8,2,12,3
werebear,https://www.aidedd.org/dnd/monstres.php?vo=werebear,5.000,"humanoid (human, shapechanger)",Medium,10,135,,neutral good,,Monster Manual (SRD),19,10,17,11,12,12
wereboar,https://www.aidedd.org/dnd/monstres.php?vo=wereboar,4.000,"humanoid (human, shapechanger)",Medium,10,78,,neutral evil,,Monster Manual (SRD),17,10,15,10,11,8
wererat,https://www.aidedd.org/dnd/monstres.php?vo=wererat,2.000,"humanoid (human, shapechanger)",Medium,12,33,,lawful evil,,Monster Manual (SRD),10,15,12,11,10,8
weretiger,https://www.aidedd.org/dnd/monstres.php?vo=weretiger,4.000,"humanoid (human, shapechanger)",Medium,12,120,,neutral,,Monster Manual (SRD),17,15,16,10,13,11
werewolf,https://www.aidedd.org/dnd/monstres.php?vo=werewolf,3.000,"humanoid (human, shapechanger)",Medium,11,58,,chaotic evil,,Monster Manual (SRD),15,13,14,10,11,10
white-abishai,,6.000,fiend (devil),Medium,15,68,fly,lawful evil,,Mordenkainen's Tome of Foes,16,11,18,11,12,13
white-dragon-wyrmling,https://www.aidedd.org/dnd/monstres.php?vo=white-dragon-wyrmling,2.000,dragon,Medium,16,32,"fly, swim",chaotic evil,,Monster Manual (SRD),14,10,14,5,10,11
wight,https://www.aidedd.org/dnd/monstres.php?vo=wight,3.000,undead,Medium,14,45,,neutral evil,,Monster Manual (SRD),15,14,16,10,13,15
wild-dog,https://www.aidedd.org/dnd/monstres.php?vo=wild-dog,0.125,beast,Medium,12,5,,unaligned,,Extra (Adventurers League),13,14,12,3,12,7
wild-dog-alpha,https://www.aidedd.org/dnd/monstres.php?vo=wild-dog-alpha,1.000,beast,Large,12,26,,unaligned,,Extra (Adventurers League),17,15,13,3,12,8
will-o--wisp,https://www.aidedd.org/dnd/monstres.php?vo=will-o--wisp,2.000,undead,Tiny,19,22,fly,chaotic evil,,Monster Manual (SRD),1,28,10,13,14,11
winged-kobold,https://www.aidedd.org/dnd/monstres.php?vo=winged-kobold,0.250,humanoid (kobold),Small,13,7,fly,lawful evil,,Monster Manual (BR),7,16,9,8,7,8
winter-eladrin,,10.000,fey (elf),Medium,19,127,,chaotic neutral,,Mordenkainen's Tome of Foes,11,10,16,18,17,13
winter-wolf,https://www.aidedd.org/dnd/monstres.php?vo=winter-wolf,3.000,monstrosity,Large,13,75,,neutral evil,,Monster Manual (SRD),18,13,14,7,12,8
wolf,https://www.aidedd.org/dnd/monstres.php?vo=wolf,0.250,beast,Medium,13,11,,unaligned,,Monster Manual (SRD),12,15,12,3,12,6
wood-woad,,5.000,plant,Medium,18,75,,lawful neutral,,Volo's Guide to Monsters,18,12,16,10,13,8
worg,https://www.aidedd.org/dnd/monstres.php?vo=worg,0.500,monstrosity,Large,13,26,,neutral evil,,Monster Manual (SRD),16,13,13,7,11,8
wraith,https://www.aidedd.org/dnd/monstres.php?vo=wraith,5.000,undead,Medium,13,67,fly,neutral evil,,Monster Manual (SRD),6,16,16,12,14,15
wyvern,https://www.aidedd.org/dnd/monstres.php?vo=wyvern,6.000,dragon,Large,13,110,fly,unaligned,,Monster Manual (SRD),19,10,16,5,12,6
xorn,https://www.aidedd.org/dnd/monstres.php?vo=xorn,5.000,elemental,Medium,19,73,,neutral,,Monster Manual (SRD),17,10,22,11,10,11
xvart,,0.125,humanoid (xvart),Small,13,7,,chaotic evil,,Volo's Guide to Monsters,8,14,10,8,7,7
xvart-warlock-of-raxivort,,1.000,humanoid (xvart),Small,12,22,,chaotic evil,,Volo's Guide to Monsters,8,14,12,8,11,12
yagnoloth,,11.000,fiend (yugoloth),Large,17,147,,neutral evil,,Mordenkainen's Tome of Foes,19,14,21,16,15,18
yan-c-bin,,18.000,elemental,Huge,22,283,fly,neutral evil,,Adventures (Princes of the Apocalypse),18,24,24,16,21,23
yeenoghu,,24.000,fiend (demon),Huge,20,333,,chaotic evil,,Mordenkainen's Tome of Foes,29,16,23,15,24,15
yellow-musk-creeper,,2.000,plant,Medium,6,60,,unaligned,,Adventures (Tomb of Annihilation),12,3,12,1,10,3
yellow-musk-zombie,,0.250,undead,Medium,9,33,,unaligned,,Adventures (Tomb of Annihilation),13,9,12,1,6,3
yeth-hound,,4.000,fey,Large,14,51,fly,neutral evil,,Volo's Guide to Monsters,18,17,16,5,12,7
yeti,https://www.aidedd.org/dnd/monstres.php?vo=yeti,3.000,monstrosity,Large,12,51,,chaotic evil,,Monster Manual (SRD),18,13,16,8,12,7
yochlol,,10.000,"fiend (demon, shapechanger)",Medium,15,136,,chaotic evil,,Monster Manual,15,14,18,13,15,15
young-black-dragon,https://www.aidedd.org/dnd/monstres.php?vo=young-black-dragon,7.000,dragon,Large,18,127,"fly, swim",chaotic evil,,Monster Manual (SRD),19,14,17,12,11,15
young-blue-dragon,https://www.aidedd.org/dnd/monstres.php?vo=young-blue-dragon,9.000,dragon,Large,18,152,fly,lawful evil,,Monster Manual (SRD),21,10,19,14,13,17
young-brass-dragon,https://www.aidedd.org/dnd/monstres.php?vo=young-brass-dragon,6.000,dragon,Large,17,110,fly,chaotic good,,Monster Manual (SRD),19,10,17,12,11,15
young-bronze-dragon,https://www.aidedd.org/dnd/monstres.php?vo=young-bronze-dragon,8.000,dragon,Large,18,142,"fly, swim",lawful good,,Monster Manual (SRD),21,10,19,14,13,17
young-copper-dragon,https://www.aidedd.org/dnd/monstres.php?vo=young-copper-dragon,7.000,dragon,Large,17,119,fly,chaotic good,,Monster Manual (SRD),19,12,17,16,13,15
young-gold-dragon,https://www.aidedd.org/dnd/monstres.php?vo=young-gold-dragon,10.000,dragon,Large,18,178,"fly, swim",lawful good,,Monster Manual (SRD),23,14,21,16,13,20
young-green-dragon,https://www.aidedd.org/dnd/monstres.php?vo=young-green-dragon,8.000,dragon,Large,18,136,"fly, swim",lawful evil,,Monster Manual (SRD),19,12,17,16,13,15
young-kruthik,,0.125,monstrosity,Small,16,9,,unaligned,,Mordenkainen's Tome of Foes,13,16,13,4,10,6
young-red-dragon,https://www.aidedd.org/dnd/monstres.php?vo=young-red-dragon,10.000,dragon,Large,18,178,fly,chaotic evil,,Monster Manual (SRD),23,10,21,14,11,19
young-red-shadow-dragon,,13.000,dragon,Large,18,178,fly,chaotic evil,,Monster Manual,23,10,21,14,11,19
young-remorhaz,,5.000,monstrosity,Large,14,93,,unaligned,,Monster Manual,18,13,17,3,10,4
young-silver-dragon,https://www.aidedd.org/dnd/monstres.php?vo=young-silver-dragon,9.000,dragon,Large,18,168,fly,lawful good,,Monster Manual (SRD),23,10,21,14,11,19
young-white-dragon,https://www.aidedd.org/dnd/monstres.php?vo=young-white-dragon,6.000,dragon,Large,17,133,"fly, swim",chaotic evil,,Monster Manual (SRD),18,10,18,6,11,12
yuan-ti-abomination,https://www.aidedd.org/dnd/monstres.php?vo=yuan-ti-abomination,7.000,"monstrosity (shapechanger, yuan-ti)",Large,15,127,,neutral evil,,Monster Manual (BR),19,16,17,17,15,18
yuan-ti-anathema,,12.000,"monstrosity (shapechanger, yuan-ti)",Huge,16,189,swim,neutral evil,,Volo's Guide to Monsters,23,13,19,19,17,20
yuan-ti-broodguard,,2.000,humanoid (yuan-ti),Medium,14,45,,neutral evil,,Volo's Guide to Monsters,15,14,14,6,11,4
yuan-ti-malison,https://www.aidedd.org/dnd/monstres.php?vo=yuan-ti-malison,3.000,"monstrosity (shapechanger, yuan-ti)",Medium,12,66,,neutral evil,,Monster Manual (BR),16,14,13,14,12,16
yuan-ti-mind-whisperer,,4.000,"monstrosity (shapechanger, yuan-ti)",Medium,14,71,,neutral evil,,Volo's Guide to Monsters,16,14,13,14,14,16
yuan-ti-nightmare-speaker,https://www.aidedd.org/dnd/monstres.php?vo=yuan-ti-nightmare-speaker,4.000,"monstrosity (shapechanger, yuan-ti)",Medium,14,71,,neutral evil,,Volo's Guide to Monsters,16,14,13,14,12,16
yuan-ti-pit-master,,5.000,"monstrosity (shapechanger, yuan-ti)",Medium,14,88,,neutral evil,,Volo's Guide to Monsters,16,14,13,14,12,16
yuan-ti-pureblood,https://www.aidedd.org/dnd/monstres.php?vo=yuan-ti-pureblood,1.000,humanoid (yuan-ti),Medium,11,40,,neutral evil,,Monster Manual (BR),11,12,11,13,12,14
zaratan,,22.000,elemental,Gargantuan,21,307,swim,neutral,,Mordenkainen's Tome of Foes,30,10,30,2,21,18
zariel,https://www.aidedd.org/dnd/monstres.php?vo=zariel,26.000,fiend (devil),Large,21,580,fly,lawful evil,Legendary,Mordenkainen's Tome of Foes,27,24,28,26,27,30
zombie,https://www.aidedd.org/dnd/monstres.php?vo=zombie,0.250,undead,Medium,8,22,,neutral evil,,Monster Manual (SRD),13,6,16,3,6,5
zuggtmoy,,23.000,fiend (demon),Large,18,304,,chaotic evil,,Mordenkainen's Tome of Foes,22,15,18,20,19,24
